{
	"parent": "orium:divination/apply_divinity",
	"display": {
		"icon": {
			"item": "minecraft:book",
			"nbt":"{CustomModelData:1,Enchantments:[{}]}"
		},
		"title": {
			"text": "Divine Enchanter"
		},
		"description": {
			"text": "Obtain every divinity"
		},
		"frame": "challenge",
		"show_toast": true,
		"announce_to_chat": true,
		"hidden": false
	},
	"rewards": {
		"experience": 500
	},
	"criteria": {
		"orium:soul_of_the_sea": {
			"trigger": "minecraft:inventory_changed",
			"conditions": {
				"items": [
					{
						"nbt":"{bookDivinity:{id:\"orium:soul_of_the_sea\"}}"
					}
				]
			}
		},
		"orium:recovery": {
			"trigger": "minecraft:inventory_changed",
			"conditions": {
				"items": [
					{
						"nbt":"{bookDivinity:{id:\"orium:recovery\"}}"
					}
				]
			}
		},
		"orium:illuminance": {
			"trigger": "minecraft:inventory_changed",
			"conditions": {
				"items": [
					{
						"nbt":"{bookDivinity:{id:\"orium:illuminance\"}}"
					}
				]
			}
		},
		"orium:swiftness": {
			"trigger": "minecraft:inventory_changed",
			"conditions": {
				"items": [
					{
						"nbt":"{bookDivinity:{id:\"orium:swiftness\"}}"
					}
				]
			}
		},
		"orium:waverider": {
			"trigger": "minecraft:inventory_changed",
			"conditions": {
				"items": [
					{
						"nbt":"{bookDivinity:{id:\"orium:waverider\"}}"
					}
				]
			}
		},
		"orium:gravity_magic": {
			"trigger": "minecraft:inventory_changed",
			"conditions": {
				"items": [
					{
						"nbt":"{bookDivinity:{id:\"orium:gravity_magic\"}}"
					}
				]
			}
		},
		"orium:excavation": {
			"trigger": "minecraft:inventory_changed",
			"conditions": {
				"items": [
					{
						"nbt":"{bookDivinity:{id:\"orium:excavation\"}}"
					}
				]
			}
		},
		"orium:everlasting": {
			"trigger": "minecraft:inventory_changed",
			"conditions": {
				"items": [
					{
						"nbt":"{bookDivinity:{id:\"orium:everlasting\"}}"
					}
				]
			}
		},
		"orium:luck": {
			"trigger": "minecraft:inventory_changed",
			"conditions": {
				"items": [
					{
						"nbt":"{bookDivinity:{id:\"orium:luck\"}}"
					}
				]
			}
		},
		"orium:fortification": {
			"trigger": "minecraft:inventory_changed",
			"conditions": {
				"items": [
					{
						"nbt":"{bookDivinity:{id:\"orium:fortification\"}}"
					}
				]
			}
		}
  },
  "requirements": [
    [
      "orium:soul_of_the_sea"
    ],
    [
      "orium:recovery"
    ],
    [
      "orium:swiftness"
    ],
    [
      "orium:waverider"
    ],
    [
      "orium:gravity_magic"
    ],
    [
      "orium:excavation"
    ],
    [
      "orium:luck"
    ],
    [
      "orium:everlasting"
    ],
    [
      "orium:fortification"
    ],
	[
      "orium:illuminance"
    ]
  ]
}