{
	"display": {
		"icon": {
			"item": "diamond_boots"
		},
		"title": {
			"translate": "advancements.adventure.adventuring_time.title"
		},
		"description": {
			"translate": "advancements.adventure.adventuring_time.description"
		},
		"frame": "challenge"
	},
	"parent": "platy:exploration/root",
	"rewards": {
		"experience": 750
	},
	"criteria": {
		"birch_forest_hills": {
			"trigger": "location",
			"conditions": {
				"biome": "birch_forest_hills"
			}
		},
		"river": {
			"trigger": "location",
			"conditions": {
				"biome": "river"
			}
		},
		"swamp": {
			"trigger": "location",
			"conditions": {
				"biome": "swamp"
			}
		},
		"desert": {
			"trigger": "location",
			"conditions": {
				"biome": "desert"
			}
		},
		"wooded_hills": {
			"trigger": "location",
			"conditions": {
				"biome": "wooded_hills"
			}
		},
		"giant_tree_taiga_hills": {
			"trigger": "location",
			"conditions": {
				"biome": "giant_tree_taiga_hills"
			}
		},
		"snowy_taiga": {
			"trigger": "location",
			"conditions": {
				"biome": "snowy_taiga"
			}
		},
		"badlands": {
			"trigger": "location",
			"conditions": {
				"biome": "badlands"
			}
		},
		"forest": {
			"trigger": "location",
			"conditions": {
				"biome": "forest"
			}
		},
		"stone_shore": {
			"trigger": "location",
			"conditions": {
				"biome": "stone_shore"
			}
		},
		"snowy_tundra": {
			"trigger": "location",
			"conditions": {
				"biome": "snowy_tundra"
			}
		},
		"taiga_hills": {
			"trigger": "location",
			"conditions": {
				"biome": "taiga_hills"
			}
		},
		"snowy_mountains": {
			"trigger": "location",
			"conditions": {
				"biome": "snowy_mountains"
			}
		},
		"wooded_badlands_plateau": {
			"trigger": "location",
			"conditions": {
				"biome": "wooded_badlands_plateau"
			}
		},
		"savanna": {
			"trigger": "location",
			"conditions": {
				"biome": "savanna"
			}
		},
		"plains": {
			"trigger": "location",
			"conditions": {
				"biome": "plains"
			}
		},
		"frozen_river": {
			"trigger": "location",
			"conditions": {
				"biome": "frozen_river"
			}
		},
		"giant_tree_taiga": {
			"trigger": "location",
			"conditions": {
				"biome": "giant_tree_taiga"
			}
		},
		"snowy_beach": {
			"trigger": "location",
			"conditions": {
				"biome": "snowy_beach"
			}
		},
		"jungle_hills": {
			"trigger": "location",
			"conditions": {
				"biome": "jungle_hills"
			}
		},
		"jungle_edge": {
			"trigger": "location",
			"conditions": {
				"biome": "jungle_edge"
			}
		},
		"mushroom_field_shore": {
			"trigger": "location",
			"conditions": {
				"biome": "mushroom_field_shore"
			}
		},
		"mountains": {
			"trigger": "location",
			"conditions": {
				"biome": "mountains"
			}
		},
		"desert_hills": {
			"trigger": "location",
			"conditions": {
				"biome": "desert_hills"
			}
		},
		"jungle": {
			"trigger": "location",
			"conditions": {
				"biome": "jungle"
			}
		},
		"beach": {
			"trigger": "location",
			"conditions": {
				"biome": "beach"
			}
		},
		"savanna_plateau": {
			"trigger": "location",
			"conditions": {
				"biome": "savanna_plateau"
			}
		},
		"snowy_taiga_hills": {
			"trigger": "location",
			"conditions": {
				"biome": "snowy_taiga_hills"
			}
		},
		"badlands_plateau": {
			"trigger": "location",
			"conditions": {
				"biome": "badlands_plateau"
			}
		},
		"dark_forest": {
			"trigger": "location",
			"conditions": {
				"biome": "dark_forest"
			}
		},
		"taiga": {
			"trigger": "location",
			"conditions": {
				"biome": "taiga"
			}
		},
		"birch_forest": {
			"trigger": "location",
			"conditions": {
				"biome": "birch_forest"
			}
		},
		"mushroom_fields": {
			"trigger": "location",
			"conditions": {
				"biome": "mushroom_fields"
			}
		},
		"wooded_mountains": {
			"trigger": "location",
			"conditions": {
				"biome": "wooded_mountains"
			}
		},
		"warm_ocean": {
			"trigger": "location",
			"conditions": {
				"biome": "warm_ocean"
			}
		},
		"lukewarm_ocean": {
			"trigger": "location",
			"conditions": {
				"biome": "lukewarm_ocean"
			}
		},
		"cold_ocean": {
			"trigger": "location",
			"conditions": {
				"biome": "cold_ocean"
			}
		},
		"deep_lukewarm_ocean": {
			"trigger": "location",
			"conditions": {
				"biome": "deep_lukewarm_ocean"
			}
		},
		"deep_cold_ocean": {
			"trigger": "location",
			"conditions": {
				"biome": "deep_cold_ocean"
			}
		},
		"deep_frozen_ocean": {
			"trigger": "location",
			"conditions": {
				"biome": "deep_frozen_ocean"
			}
		},
		"bamboo_jungle": {
			"trigger": "location",
			"conditions": {
				"biome": "bamboo_jungle"
			}
		},
		"bamboo_jungle_hills": {
			"trigger": "location",
			"conditions": {
				"biome": "bamboo_jungle_hills"
			}
		}
	}
}