{
	"display": {
		"icon": {
			"item": "jungle_leaves"
		},
		"title": "Welcome to the Jungle",
		"description": "Enter a jungle biome"
	},
	"parent": "platy:exploration/root",
	"criteria": {
		"jungle": {
			"trigger": "location",
			"conditions": {
				"biome": "jungle"
			}
		},
		"jungle_hills": {
			"trigger": "location",
			"conditions": {
				"biome": "jungle_hills"
			}
		},
		"jungle_edge": {
			"trigger": "location",
			"conditions": {
				"biome": "jungle_edge"
			}
		},
		"modified_jungle": {
			"trigger": "location",
			"conditions": {
				"biome": "modified_jungle"
			}
		},
		"modified_jungle_edge": {
			"trigger": "location",
			"conditions": {
				"biome": "modified_jungle_edge"
			}
		},
		"bamboo_jungle": {
			"trigger": "location",
			"conditions": {
				"biome": "bamboo_jungle"
			}
		},
		"bamboo_jungle_hills": {
			"trigger": "location",
			"conditions": {
				"biome": "bamboo_jungle_hills"
			}
		}
	},
	"requirements": [
		[
			"jungle",
			"jungle_hills",
			"jungle_edge",
			"modified_jungle",
			"modified_jungle_edge",
			"bamboo_jungle",
			"bamboo_jungle_hills"
		]
	]
}