{
	"display": {
		"icon": {
			"item": "spruce_leaves"
		},
		"title": "Land of Christmas Trees",
		"description": "Enter a taiga biome"
	},
	"parent": "platy:exploration/root",
	"criteria": {
		"taiga": {
			"trigger": "location",
			"conditions": {
				"biome": "taiga"
			}
		},
		"taiga_hills": {
			"trigger": "location",
			"conditions": {
				"biome": "taiga_hills"
			}
		},
		"taiga_mountains": {
			"trigger": "location",
			"conditions": {
				"biome": "taiga"
			}
		},
		"snowy_taiga": {
			"trigger": "location",
			"conditions": {
				"biome": "snowy_taiga"
			}
		},
		"snowy_taiga_hills": {
			"trigger": "location",
			"conditions": {
				"biome": "snowy_taiga_hills"
			}
		},
		"snowy_taiga_mountains": {
			"trigger": "location",
			"conditions": {
				"biome": "snowy_taiga_mountains"
			}
		},
		"giant_tree_taiga": {
			"trigger": "location",
			"conditions": {
				"biome": "giant_tree_taiga"
			}
		},
		"giant_tree_taiga_hills": {
			"trigger": "location",
			"conditions": {
				"biome": "giant_tree_taiga_hills"
			}
		},
		"giant_spruce_taiga": {
			"trigger": "location",
			"conditions": {
				"biome": "giant_spruce_taiga"
			}
		},
		"giant_spruce_taiga_hills": {
			"trigger": "location",
			"conditions": {
				"biome": "giant_spruce_taiga_hills"
			}
		}
	},
	"requirements": [
		[
			"taiga",
			"taiga_hills",
			"taiga_mountains",
			"snowy_taiga",
			"snowy_taiga_hills",
			"snowy_taiga_mountains",
			"giant_tree_taiga",
			"giant_tree_taiga_hills",
			"giant_spruce_taiga",
			"giant_spruce_taiga_hills"
		]
	]
}