{
	"display": {
		"icon": {
			"item": "iron_axe"
		},
		"title": "Topped-Up Toolbox",
		"description": "Get one of every tool and weapon",
		"frame": "goal"
	},
	"parent": "minecraft:story/smelt_iron",
	"criteria": {
		"shovel": {
			"trigger": "inventory_changed",
			"conditions": {
				"items": [{
					"tag": "platy:shovels"
				}]
			}
		},
		"pickaxe": {
			"trigger": "inventory_changed",
			"conditions": {
				"items": [{
					"tag": "platy:pickaxes"
				}]
			}
		},
		"axe": {
			"trigger": "inventory_changed",
			"conditions": {
				"items": [{
					"tag": "platy:axes"
				}]
			}
		},
		"hoe": {
			"trigger": "inventory_changed",
			"conditions": {
				"items": [{
					"tag": "platy:hoes"
				}]
			}
		},
		"sword": {
			"trigger": "inventory_changed",
			"conditions": {
				"items": [{
					"tag": "platy:swords"
				}]
			}
		},
		"flint_and_steel": {
			"trigger": "inventory_changed",
			"conditions": {
				"items": [{
					"item": "flint_and_steel"
				}]
			}
		},
		"fishing_rod": {
			"trigger": "inventory_changed",
			"conditions": {
				"items": [{
					"item": "fishing_rod"
				}]
			}
		},
		"shears": {
			"trigger": "inventory_changed",
			"conditions": {
				"items": [{
					"item": "shears"
				}]
			}
		},
		"bow": {
			"trigger": "inventory_changed",
			"conditions": {
				"items": [{
					"item": "bow"
				}]
			}
		},
		"shield": {
			"trigger": "inventory_changed",
			"conditions": {
				"items": [{
					"item": "shield"
				}]
			}
		},
		"trident": {
			"trigger": "inventory_changed",
			"conditions": {
				"items": [{
					"item": "trident"
				}]
			}
		},
		"crossbow": {
			"trigger": "inventory_changed",
			"conditions": {
				"items": [{
					"item": "crossbow"
				}]
			}
		},
		"carrot_on_a_stick": {
			"trigger": "inventory_changed",
			"conditions": {
				"items": [{
					"item": "carrot_on_a_stick"
				}]
			}
		},
		"warped_fungus_on_a_stick": {
			"trigger": "inventory_changed",
			"conditions": {
				"items": [{
					"item": "warped_fungus_on_a_stick"
				}]
			}
		}
	}
}