{"stat.useItem.minecraft.bow":58,"stat.leaveGame":35,"stat.useItem.minecraft.planks":90,"stat.mineBlock.minecraft.web":1,"stat.pickup.minecraft.golden_boots":2,"stat.drop.minecraft.melon":1,"stat.useItem.minecraft.water_bucket":62,"stat.drop.minecraft.iron_sword":1,"stat.mineBlock.minecraft.red_mushroom":9,"stat.pickup.minecraft.rotten_flesh":48,"stat.pickup.minecraft.sand":143,"stat.entityKilledBy.Spider":4,"stat.craftItem.minecraft.stone_axe":7,"stat.killEntity.Enderman":1,"stat.craftItem.minecraft.stone_sword":5,"stat.useItem.minecraft.brown_mushroom":4,"stat.pickup.minecraft.brown_mushroom":24,"stat.mineBlock.minecraft.sand":161,"stat.killEntity.Witch":1,"stat.killEntity.MushroomCow":48,"stat.craftItem.minecraft.cooked_fish":8,"stat.hopperInspected":1,"stat.useItem.minecraft.fence_gate":2,"stat.useItem.minecraft.iron_pickaxe":501,"stat.pickup.minecraft.double_plant":1,"stat.mineBlock.minecraft.vine":20,"stat.useItem.minecraft.oak_stairs":4,"stat.furnaceInteraction":93,"stat.killEntity.ZombieVillager":3,"stat.drop.minecraft.red_flower":3,"stat.pickup.minecraft.beef":137,"stat.pickup.minecraft.furnace":2,"stat.pickup.minecraft.leather_helmet":1,"stat.useItem.minecraft.fence":20,"stat.useItem.minecraft.stone_stairs":69,"stat.pickup.minecraft.stone_stairs":11,"stat.pickup.minecraft.potion":1,"stat.useItem.minecraft.flint_and_steel":1,"stat.mineBlock.minecraft.fence":6,"stat.useItem.minecraft.wheat_seeds":235,"stat.craftItem.minecraft.fence_gate":2,"stat.drop.minecraft.cooked_fish":6,"stat.useItem.minecraft.hopper":1,"stat.pickup.minecraft.emerald":26,"stat.pickup.minecraft.saddle":2,"stat.useItem.minecraft.dye":17,"stat.mineBlock.minecraft.oak_stairs":1,"stat.deaths":28,"stat.craftItem.minecraft.melon_seeds":10,"stat.playOneMinute":720047,"stat.craftItem.minecraft.item_frame":5,"stat.craftItem.minecraft.iron_pickaxe":3,"stat.mineBlock.minecraft.brown_mushroom_block":5,"stat.mineBlock.minecraft.tallgrass":343,"stat.pickup.minecraft.netherrack":42,"stat.fishCaught":58,"stat.chestOpened":238,"stat.craftItem.minecraft.sign":24,"stat.useItem.minecraft.stone":37,"stat.craftItem.minecraft.carpet":6,"stat.mineBlock.minecraft.netherrack":43,"stat.pickup.minecraft.arrow":23,"stat.pickup.minecraft.waterlily":2,"stat.craftItem.minecraft.coal":1,"stat.breakItem.minecraft.leather_helmet":1,"stat.fallOneCm":186348,"stat.drop.minecraft.stone":16,"stat.drop.minecraft.dye":3,"stat.pickup.minecraft.carrot":75,"stat.drop.minecraft.stone_sword":1,"stat.crouchOneCm":66062,"stat.mineBlock.minecraft.chest":1,"stat.craftItem.minecraft.iron_ingot":43,"stat.craftItem.minecraft.chest":10,"stat.pickup.minecraft.red_mushroom":9,"stat.pickup.minecraft.golden_leggings":1,"stat.pickup.minecraft.melon":108,"stat.craftItem.minecraft.hopper":1,"stat.craftingTableInteraction":121,"stat.useItem.minecraft.furnace":9,"stat.pickup.minecraft.dye":92,"stat.pickup.minecraft.planks":24,"stat.pickup.minecraft.wheat_seeds":448,"stat.mineBlock.minecraft.gravel":23,"stat.useItem.minecraft.stone_pickaxe":1245,"stat.breakItem.minecraft.stone_axe":2,"stat.useItem.minecraft.stone_sword":117,"stat.craftItem.minecraft.iron_leggings":1,"stat.craftItem.minecraft.oak_stairs":4,"stat.mineBlock.minecraft.dirt":477,"stat.useItem.minecraft.torch":197,"stat.useItem.minecraft.bread":7,"stat.drop.minecraft.rotten_flesh":5,"stat.craftItem.minecraft.stone_stairs":64,"stat.pickup.minecraft.crafting_table":3,"stat.useItem.minecraft.log":8,"stat.useItem.minecraft.cobblestone":755,"stat.craftItem.minecraft.crafting_table":9,"stat.useItem.minecraft.gravel":10,"stat.mineBlock.minecraft.double_plant":275,"stat.mineBlock.minecraft.emerald_ore":25,"stat.pickup.minecraft.log":232,"stat.useItem.minecraft.cooked_fish":2,"stat.breakItem.minecraft.iron_boots":1,"stat.useItem.minecraft.yellow_flower":21,"stat.breakItem.minecraft.iron_helmet":1,"stat.pickup.minecraft.sapling":75,"stat.pickup.minecraft.wooden_door":1,"stat.entityKilledBy.Enderman":2,"stat.pickup.minecraft.apple":7,"stat.breakItem.minecraft.stone_shovel":3,"stat.breakItem.minecraft.iron_chestplate":1,"stat.breakItem.minecraft.wooden_hoe":1,"stat.craftItem.minecraft.bucket":2,"stat.craftItem.minecraft.planks":432,"stat.useItem.minecraft.iron_sword":482,"stat.craftItem.minecraft.fishing_rod":2,"stat.mineBlock.minecraft.log":233,"stat.craftItem.minecraft.wooden_door":3,"stat.mineBlock.minecraft.waterlily":1,"stat.useItem.minecraft.stone_hoe":31,"stat.useItem.minecraft.wooden_door":4,"stat.pickup.minecraft.red_flower":19,"stat.sneakTime":19877,"stat.pickup.minecraft.wool":18,"stat.useItem.minecraft.wooden_axe":5,"stat.pickup.minecraft.stone_slab":4,"stat.pickup.minecraft.yellow_flower":24,"stat.useItem.minecraft.fishing_rod":94,"stat.pickup.minecraft.chest":1,"stat.drop.minecraft.stone_pickaxe":2,"stat.pickup.minecraft.tripwire_hook":2,"stat.pickup.minecraft.bone":20,"stat.horseOneCm":64157,"stat.drop.minecraft.stone_shovel":2,"stat.mineBlock.minecraft.cobblestone":147,"stat.pickup.minecraft.stone_pickaxe":1,"stat.pickup.minecraft.flint":2,"stat.mineBlock.minecraft.yellow_flower":25,"stat.mineBlock.minecraft.brown_mushroom":9,"stat.craftItem.minecraft.wool":2,"stat.swimOneCm":148905,"stat.climbOneCm":19290,"stat.drop.minecraft.cobblestone":1,"stat.breakItem.minecraft.iron_pickaxe":2,"stat.useItem.minecraft.dirt":364,"stat.craftItem.minecraft.furnace":7,"stat.useItem.minecraft.red_flower":13,"stat.craftItem.minecraft.lapis_block":2,"stat.craftItem.minecraft.iron_boots":1,"stat.craftItem.minecraft.stone_pickaxe":13,"stat.craftItem.minecraft.cooked_beef":78,"stat.pickup.minecraft.cobblestone":1228,"stat.mineBlock.minecraft.carpet":1,"stat.useItem.minecraft.stone_shovel":542,"stat.flyOneCm":1248854,"stat.pickup.minecraft.fish":57,"stat.useItem.minecraft.red_mushroom":1,"stat.drop.minecraft.wheat_seeds":1,"stat.useItem.minecraft.cooked_beef":80,"stat.craftItem.minecraft.wooden_slab":6,"stat.craftItem.minecraft.emerald_block":2,"stat.mineBlock.minecraft.iron_ore":136,"stat.timeSinceDeath":9954,"stat.useItem.minecraft.sign":38,"stat.useItem.minecraft.wooden_slab":2,"stat.pickup.minecraft.carpet":1,"stat.mineBlock.minecraft.coal_ore":135,"stat.killEntity.Creeper":4,"stat.craftItem.minecraft.stone_hoe":1,"stat.breakItem.minecraft.iron_sword":1,"stat.mineBlock.minecraft.red_mushroom_block":1,"stat.pickup.minecraft.string":22,"stat.mineBlock.minecraft.ladder":2,"stat.useItem.minecraft.milk_bucket":1,"stat.entityKilledBy.Skeleton":4,"stat.sprintOneCm":1215551,"stat.mineBlock.minecraft.stone_slab":4,"stat.craftItem.minecraft.stick":268,"stat.pickup.minecraft.bone_block":5,"stat.useItem.minecraft.stone_slab":4,"stat.useItem.minecraft.bed":1,"stat.mineBlock.minecraft.crafting_table":2,"stat.useItem.minecraft.carrot":37,"stat.useItem.minecraft.wooden_shovel":61,"stat.useItem.minecraft.bucket":94,"stat.entityKilledBy.Creeper":3,"stat.mineBlock.minecraft.planks":21,"stat.drop":21,"stat.useItem.minecraft.ladder":22,"stat.useItem.minecraft.melon_seeds":6,"stat.killEntity.Zombie":38,"stat.craftItem.minecraft.dye":53,"stat.mineBlock.minecraft.gold_ore":4,"stat.diveOneCm":77732,"stat.pickup.minecraft.wheat":141,"stat.craftItem.minecraft.ladder":21,"stat.pickup.minecraft.sign":16,"stat.pickup.minecraft.gravel":21,"stat.pickup.minecraft.stone_axe":1,"stat.useItem.minecraft.waterlily":2,"stat.useItem.minecraft.apple":7,"stat.useItem.minecraft.carpet":3,"stat.useItem.minecraft.rotten_flesh":3,"stat.jump":8022,"stat.useItem.minecraft.sand":40,"stat.useItem.minecraft.wooden_hoe":60,"stat.pickup.minecraft.fence":6,"stat.pickup.minecraft.coal":134,"stat.pickup.minecraft.iron_ingot":1,"stat.useItem.minecraft.stone_axe":415,"stat.pickup.minecraft.gunpowder":6,"stat.pickup.minecraft.spider_eye":7,"stat.craftItem.minecraft.torch":180,"stat.pickup.minecraft.dirt":479,"stat.craftItem.minecraft.iron_helmet":1,"stat.pickup.minecraft.iron_ore":133,"stat.useItem.minecraft.glass":1,"stat.useItem.minecraft.sapling":58,"stat.pickup.minecraft.gold_ore":4,"stat.mineBlock.minecraft.lapis_ore":5,"stat.craftItem.minecraft.flint_and_steel":1,"stat.mineBlock.minecraft.stone_stairs":11,"stat.damageTaken":14752,"stat.pickup.minecraft.leather":61,"stat.mineBlock.minecraft.melon_block":21,"stat.mineBlock.minecraft.red_flower":17,"stat.mineBlock.minecraft.torch":14,"stat.mineBlock.minecraft.furnace":2,"stat.useItem.minecraft.wooden_pickaxe":60,"stat.mineBlock.minecraft.mycelium":26,"stat.mineBlock.minecraft.sapling":2,"stat.entityKilledBy.ZombieVillager":1,"stat.pickup.minecraft.bed":1,"stat.pickup.minecraft.oak_stairs":1,"stat.breakItem.minecraft.iron_leggings":1,"stat.entityKilledBy.Zombie":4,"stat.damageDealt":21874,"stat.craftItem.minecraft.glass":1,"stat.sleepInBed":3,"stat.useItem.minecraft.crafting_table":12,"stat.craftItem.minecraft.iron_sword":3,"stat.craftItem.minecraft.stone_slab":6,"stat.craftItem.minecraft.stone_shovel":12,"stat.breakItem.minecraft.fishing_rod":1,"stat.walkOneCm":1890022,"stat.useItem.minecraft.chest":10,"stat.playerKills":5,"stat.drop.minecraft.wheat":1,"stat.pickup.minecraft.stick":1,"stat.useItem.minecraft.lava_bucket":32,"stat.breakItem.minecraft.stone_pickaxe":9,"stat.pickup.minecraft.red_mushroom_block":64,"stat.useItem.minecraft.melon":9,"stat.useItem.minecraft.item_frame":5,"stat.pickup.minecraft.stone":132,"stat.craftItem.minecraft.iron_chestplate":1,"stat.drop.minecraft.emerald":1,"stat.useItem.minecraft.red_mushroom_block":1,"stat.pickup.minecraft.ender_pearl":1,"stat.pickup.minecraft.ladder":2,"stat.pickup.minecraft.cooked_beef":35,"stat.useItem.minecraft.netherrack":2,"stat.killEntity.Skeleton":22,"stat.killEntity.Spider":16,"stat.pickup.minecraft.bread":7,"stat.mobKills":141,"stat.craftItem.minecraft.shears":1,"stat.craftItem.minecraft.fence":15,"stat.mineBlock.minecraft.leaves":106,"stat.breakItem.minecraft.wooden_shovel":1,"stat.pickup.minecraft.torch":20,"stat.pickup.minecraft.brown_mushroom_block":64,"stat.drop.minecraft.stone_axe":2,"stat.mineBlock.minecraft.bone_block":4,"stat.mineBlock.minecraft.stone":1231,"stat.breakItem.minecraft.wooden_pickaxe":1}