{"stat.useItem.minecraft.bow":15,"stat.pickup.minecraft.bone":1,"stat.horseOneCm":54514,"stat.leaveGame":3,"stat.mineBlock.minecraft.cobblestone":13,"stat.pickup.minecraft.flint":8,"stat.mineBlock.minecraft.brown_mushroom":6,"stat.pickup.minecraft.lapis_block":1,"stat.swimOneCm":35629,"stat.useItem.minecraft.planks":2,"stat.craftItem.minecraft.shield":1,"stat.pickup.minecraft.porkchop":1,"stat.useItem.minecraft.dirt":51,"stat.useItem.minecraft.water_bucket":22,"stat.pickup.minecraft.rotten_flesh":5,"stat.craftItem.minecraft.furnace":2,"stat.entityKilledBy.Spider":1,"stat.craftItem.minecraft.stone_axe":1,"stat.craftItem.minecraft.iron_boots":1,"stat.craftItem.minecraft.stone_pickaxe":1,"stat.pickup.minecraft.cobblestone":80,"stat.craftItem.minecraft.stone_sword":1,"stat.flyOneCm":496680,"stat.craftItem.minecraft.iron_shovel":1,"stat.pickup.minecraft.brown_mushroom":7,"stat.useItem.minecraft.cooked_beef":6,"stat.mineBlock.minecraft.iron_ore":22,"stat.timeSinceDeath":13329,"stat.useItem.minecraft.sign":3,"stat.useItem.minecraft.iron_pickaxe":33,"stat.useItem.minecraft.iron_shovel":76,"stat.furnaceInteraction":12,"stat.mineBlock.minecraft.coal_ore":28,"stat.pickup.minecraft.furnace":2,"stat.entityKilledBy.Skeleton":4,"stat.sprintOneCm":84446,"stat.craftItem.minecraft.stick":16,"stat.mineBlock.minecraft.crafting_table":2,"stat.useItem.minecraft.wooden_shovel":37,"stat.useItem.minecraft.bucket":25,"stat.deaths":11,"stat.pickup.minecraft.egg":2,"stat.playOneMinute":86402,"stat.useItem.minecraft.wooden_sword":7,"stat.craftItem.minecraft.iron_pickaxe":1,"stat.killEntity.Zombie":6,"stat.mineBlock.minecraft.gold_ore":2,"stat.mineBlock.minecraft.tallgrass":2,"stat.diveOneCm":44429,"stat.chestOpened":37,"stat.craftItem.minecraft.sign":3,"stat.pickup.minecraft.sign":1,"stat.useItem.minecraft.stone":19,"stat.pickup.minecraft.gravel":43,"stat.pickup.minecraft.arrow":1,"stat.jump":839,"stat.pickup.minecraft.coal":28,"stat.fallOneCm":49845,"stat.useItem.minecraft.stone_axe":13,"stat.crouchOneCm":26810,"stat.craftItem.minecraft.torch":8,"stat.craftItem.minecraft.chest":1,"stat.craftItem.minecraft.iron_ingot":21,"stat.pickup.minecraft.dirt":89,"stat.craftItem.minecraft.iron_helmet":1,"stat.craftingTableInteraction":13,"stat.pickup.minecraft.iron_ore":23,"stat.boatOneCm":39470,"stat.pickup.minecraft.gold_ore":2,"stat.mineBlock.minecraft.lapis_ore":5,"stat.damageTaken":3499,"stat.mineBlock.minecraft.torch":11,"stat.mineBlock.minecraft.furnace":2,"stat.useItem.minecraft.wooden_pickaxe":1,"stat.useItem.minecraft.furnace":4,"stat.pickup.minecraft.dye":56,"stat.pickup.minecraft.wheat_seeds":3,"stat.entityKilledBy.Zombie":1,"stat.mineBlock.minecraft.gravel":52,"stat.useItem.minecraft.stone_pickaxe":132,"stat.useItem.minecraft.stone_sword":30,"stat.damageDealt":1907,"stat.sleepInBed":2,"stat.mineBlock.minecraft.dirt":89,"stat.useItem.minecraft.crafting_table":3,"stat.killEntity.Pig":1,"stat.craftItem.minecraft.iron_sword":1,"stat.pickup.minecraft.boat":1,"stat.walkOneCm":184892,"stat.useItem.minecraft.torch":15,"stat.useItem.minecraft.chest":1,"stat.pickup.minecraft.crafting_table":2,"stat.useItem.minecraft.cobblestone":64,"stat.craftItem.minecraft.crafting_table":2,"stat.useItem.minecraft.gravel":37,"stat.mineBlock.minecraft.double_plant":1,"stat.useItem.minecraft.lava_bucket":2,"stat.craftItem.minecraft.boat":1,"stat.pickup.minecraft.log":12,"stat.pickup.minecraft.stone":21,"stat.killEntity.Skeleton":3,"stat.craftItem.minecraft.bucket":1,"stat.craftItem.minecraft.planks":44,"stat.useItem.minecraft.iron_sword":31,"stat.killEntity.Spider":1,"stat.mobKills":11,"stat.mineBlock.minecraft.log":11,"stat.useItem.minecraft.boat":1,"stat.mineBlock.minecraft.leaves":6,"stat.pickup.minecraft.torch":13,"stat.sneakTime":8718,"stat.useItem.minecraft.wooden_axe":1,"stat.mineBlock.minecraft.stone":92}