{"stat.useItem.minecraft.bow":16,"stat.pickup.minecraft.bone":10,"stat.horseOneCm":348,"stat.leaveGame":50,"stat.drop.minecraft.stone_shovel":1,"stat.mineBlock.minecraft.cobblestone":65,"stat.swimOneCm":35933,"stat.climbOneCm":5011,"stat.useItem.minecraft.dirt":739,"stat.pickup.minecraft.rotten_flesh":24,"stat.useItem.minecraft.red_flower":1,"stat.craftItem.minecraft.furnace":1,"stat.useItem.minecraft.egg":2,"stat.craftItem.minecraft.stone_axe":1,"stat.craftItem.minecraft.iron_boots":1,"stat.craftItem.minecraft.stone_pickaxe":2,"stat.craftItem.minecraft.cooked_beef":101,"stat.pickup.minecraft.cobblestone":259,"stat.mineBlock.minecraft.clay":1,"stat.useItem.minecraft.stone_shovel":2940,"stat.craftItem.minecraft.stone_sword":2,"stat.flyOneCm":1388871,"stat.pickup.minecraft.brown_mushroom":3,"stat.drop.minecraft.wheat_seeds":2,"stat.useItem.minecraft.cooked_beef":42,"stat.mineBlock.minecraft.iron_ore":92,"stat.timeSinceDeath":388041,"stat.useItem.minecraft.sign":7,"stat.useItem.minecraft.iron_pickaxe":150,"stat.furnaceInteraction":64,"stat.mineBlock.minecraft.coal_ore":64,"stat.killEntity.Creeper":3,"stat.pickup.minecraft.string":1,"stat.sprintOneCm":1052774,"stat.craftItem.minecraft.stick":96,"stat.useItem.minecraft.bed":4,"stat.useItem.minecraft.wheat_seeds":154,"stat.mineBlock.minecraft.crafting_table":2,"stat.useItem.minecraft.carrot":7,"stat.useItem.minecraft.wooden_shovel":60,"stat.pickup.minecraft.emerald":8,"stat.useItem.minecraft.dye":18,"stat.deaths":2,"stat.drop":8,"stat.pickup.minecraft.egg":2,"stat.playOneMinute":589433,"stat.useItem.minecraft.wooden_sword":1,"stat.useItem.minecraft.ladder":1,"stat.craftItem.minecraft.iron_pickaxe":1,"stat.killEntity.Zombie":25,"stat.craftItem.minecraft.dye":18,"stat.drop.minecraft.bread":14,"stat.craftItem.minecraft.clay":1,"stat.mineBlock.minecraft.gold_ore":3,"stat.mineBlock.minecraft.tallgrass":792,"stat.diveOneCm":14684,"stat.pickup.minecraft.wheat":141,"stat.chestOpened":117,"stat.pickup.minecraft.sign":6,"stat.pickup.minecraft.arrow":11,"stat.useItem.minecraft.apple":1,"stat.breakItem.minecraft.wooden_axe":1,"stat.useItem.minecraft.clay":1,"stat.useItem.minecraft.rotten_flesh":1,"stat.jump":5563,"stat.useItem.minecraft.wooden_hoe":2,"stat.pickup.minecraft.coal":65,"stat.fallOneCm":154940,"stat.pickup.minecraft.iron_ingot":1,"stat.drop.minecraft.stone":2,"stat.pickup.minecraft.carrot":8,"stat.drop.minecraft.stone_sword":1,"stat.useItem.minecraft.stone_axe":27,"stat.pickup.minecraft.gunpowder":5,"stat.craftItem.minecraft.bread":48,"stat.crouchOneCm":61268,"stat.mineBlock.minecraft.chest":1,"stat.craftItem.minecraft.torch":144,"stat.craftItem.minecraft.iron_ingot":109,"stat.craftItem.minecraft.chest":3,"stat.pickup.minecraft.dirt":3164,"stat.craftItem.minecraft.iron_helmet":1,"stat.pickup.minecraft.melon":20,"stat.craftingTableInteraction":42,"stat.pickup.minecraft.iron_ore":91,"stat.pickup.minecraft.gold_ore":3,"stat.mineBlock.minecraft.lapis_ore":5,"stat.damageTaken":3872,"stat.mineBlock.minecraft.melon_block":4,"stat.useItem.minecraft.wooden_pickaxe":60,"stat.useItem.minecraft.furnace":1,"stat.pickup.minecraft.dye":33,"stat.pickup.minecraft.bed":4,"stat.pickup.minecraft.wheat_seeds":471,"stat.useItem.minecraft.stone_pickaxe":264,"stat.useItem.minecraft.stone_sword":167,"stat.craftItem.minecraft.iron_leggings":1,"stat.damageDealt":7268,"stat.sleepInBed":41,"stat.mineBlock.minecraft.dirt":3017,"stat.useItem.minecraft.crafting_table":2,"stat.craftItem.minecraft.stone_shovel":23,"stat.walkOneCm":950841,"stat.useItem.minecraft.torch":142,"stat.useItem.minecraft.bread":41,"stat.playerKills":2,"stat.useItem.minecraft.chest":4,"stat.drop.minecraft.wheat":1,"stat.useItem.minecraft.log":6,"stat.pickup.minecraft.crafting_table":1,"stat.pickup.minecraft.clay_ball":4,"stat.useItem.minecraft.cobblestone":72,"stat.craftItem.minecraft.crafting_table":1,"stat.mineBlock.minecraft.double_plant":593,"stat.breakItem.minecraft.stone_pickaxe":2,"stat.mineBlock.minecraft.emerald_ore":8,"stat.pickup.minecraft.log":133,"stat.pickup.minecraft.stone":63,"stat.craftItem.minecraft.iron_chestplate":1,"stat.pickup.minecraft.sapling":60,"stat.pickup.minecraft.apple":5,"stat.pickup.minecraft.ladder":1,"stat.breakItem.minecraft.stone_shovel":21,"stat.killEntity.Skeleton":6,"stat.craftItem.minecraft.planks":76,"stat.killEntity.Spider":1,"stat.pickup.minecraft.stone_sword":1,"stat.pickup.minecraft.bread":7,"stat.mobKills":36,"stat.mineBlock.minecraft.log":131,"stat.mineBlock.minecraft.leaves":107,"stat.breakItem.minecraft.wooden_shovel":1,"stat.pickup.minecraft.torch":1,"stat.pickup.minecraft.red_flower":3,"stat.sneakTime":24653,"stat.useItem.minecraft.wooden_axe":47,"stat.breakItem.minecraft.stone_sword":1,"stat.pickup.minecraft.yellow_flower":5,"stat.mineBlock.minecraft.stone":237,"stat.breakItem.minecraft.wooden_pickaxe":1,"stat.pickup.minecraft.chest":1}