{"stat.useItem.minecraft.bow":32,"stat.pickup.minecraft.bone":1,"stat.leaveGame":7,"stat.drop.minecraft.stone_shovel":1,"stat.mineBlock.minecraft.cobblestone":1,"stat.pickup.minecraft.stone_pickaxe":1,"stat.swimOneCm":8361,"stat.useItem.minecraft.planks":32,"stat.pickup.minecraft.porkchop":2,"stat.useItem.minecraft.dirt":1542,"stat.pickup.minecraft.bow":1,"stat.pickup.minecraft.rotten_flesh":5,"stat.pickup.minecraft.sand":1,"stat.useItem.minecraft.red_flower":19,"stat.pickup.minecraft.cobblestone":86,"stat.pickup.minecraft.wooden_hoe":1,"stat.useItem.minecraft.stone_shovel":662,"stat.flyOneCm":84089,"stat.drop.minecraft.wheat_seeds":66,"stat.useItem.minecraft.cooked_beef":18,"stat.timeSinceDeath":159375,"stat.pickup.minecraft.double_plant":8,"stat.pickup.minecraft.wooden_axe":1,"stat.pickup.minecraft.wooden_shovel":1,"stat.furnaceInteraction":5,"stat.drop.minecraft.dirt":149,"stat.mineBlock.minecraft.coal_ore":15,"stat.killEntity.Creeper":1,"stat.pickup.minecraft.wooden_sword":1,"stat.pickup.minecraft.string":2,"stat.useItem.minecraft.double_plant":5,"stat.entityKilledBy.Skeleton":1,"stat.sprintOneCm":496428,"stat.craftItem.minecraft.stick":12,"stat.useItem.minecraft.bed":1,"stat.useItem.minecraft.wooden_shovel":74,"stat.pickup.minecraft.emerald":1,"stat.deaths":5,"stat.drop":14,"stat.playOneMinute":322854,"stat.useItem.minecraft.wooden_sword":22,"stat.killEntity.Zombie":3,"stat.mineBlock.minecraft.tallgrass":346,"stat.diveOneCm":1417,"stat.pickup.minecraft.wheat":1,"stat.chestOpened":21,"stat.craftItem.minecraft.sign":9,"stat.useItem.minecraft.stone":22,"stat.pickup.minecraft.arrow":33,"stat.pickup.minecraft.iron_sword":1,"stat.pickup.minecraft.stone_axe":3,"stat.jump":1489,"stat.pickup.minecraft.coal":15,"stat.fallOneCm":39662,"stat.crouchOneCm":2825,"stat.mineBlock.minecraft.chest":2,"stat.craftItem.minecraft.iron_ingot":3,"stat.craftItem.minecraft.torch":36,"stat.pickup.minecraft.dirt":2180,"stat.pickup.minecraft.melon":1,"stat.drop.minecraft.bed":1,"stat.craftingTableInteraction":1,"stat.pickup.minecraft.stone_shovel":4,"stat.pickup.minecraft.wooden_pickaxe":1,"stat.damageTaken":2674,"stat.mineBlock.minecraft.red_flower":20,"stat.useItem.minecraft.wooden_pickaxe":56,"stat.pickup.minecraft.dye":1,"stat.pickup.minecraft.bed":3,"stat.pickup.minecraft.wheat_seeds":69,"stat.useItem.minecraft.stone_pickaxe":123,"stat.useItem.minecraft.stone_sword":4,"stat.damageDealt":599,"stat.sleepInBed":12,"stat.mineBlock.minecraft.dirt":2198,"stat.killEntity.Pig":1,"stat.walkOneCm":938599,"stat.useItem.minecraft.torch":3,"stat.useItem.minecraft.chest":2,"stat.playerKills":1,"stat.pickup.minecraft.stick":1,"stat.useItem.minecraft.log":2,"stat.useItem.minecraft.cobblestone":14,"stat.mineBlock.minecraft.double_plant":130,"stat.pickup.minecraft.log":16,"stat.pickup.minecraft.stone":72,"stat.pickup.minecraft.sapling":3,"stat.pickup.minecraft.apple":3,"stat.pickup.minecraft.cooked_beef":17,"stat.breakItem.minecraft.stone_shovel":5,"stat.killEntity.Skeleton":2,"stat.craftItem.minecraft.bucket":1,"stat.useItem.minecraft.iron_sword":1,"stat.craftItem.minecraft.planks":56,"stat.killEntity.Spider":3,"stat.pickup.minecraft.stone_sword":1,"stat.mobKills":10,"stat.mineBlock.minecraft.log":18,"stat.mineBlock.minecraft.leaves":51,"stat.breakItem.minecraft.wooden_shovel":1,"stat.pickup.minecraft.red_flower":19,"stat.sneakTime":3479,"stat.drop.minecraft.stone_axe":2,"stat.pickup.minecraft.cooked_fish":6,"stat.pickup.minecraft.yellow_flower":1,"stat.mineBlock.minecraft.stone":157,"stat.pickup.minecraft.chest":2}