x,y,z,type
-85,126,-26,minecraft:command_block
-49,129,-61,minecraft:hopper
-51,129,-59,minecraft:hopper
-49,131,-60,minecraft:hopper
-49,129,-63,minecraft:hopper
-49,131,-62,minecraft:hopper
-49,133,-61,minecraft:hopper
-51,133,-59,minecraft:hopper
-49,131,-64,minecraft:hopper
-49,135,-60,minecraft:hopper
-49,133,-63,minecraft:hopper
-49,135,-62,minecraft:hopper
-49,135,-64,minecraft:hopper
-50,128,-59,minecraft:comparator
-51,128,-59,minecraft:dropper
-49,130,-60,minecraft:hopper
-49,130,-62,minecraft:hopper
-49,132,-61,minecraft:hopper
-51,132,-59,minecraft:hopper
-49,130,-64,minecraft:hopper
-49,134,-60,minecraft:hopper
-49,132,-63,minecraft:hopper
-49,136,-59,minecraft:hopper
-49,134,-62,minecraft:hopper
-50,136,-59,minecraft:hopper
-51,136,-59,minecraft:hopper
-49,136,-61,minecraft:hopper
-49,134,-64,minecraft:hopper
-49,136,-63,minecraft:hopper
-49,129,-60,minecraft:hopper
-49,129,-62,minecraft:hopper
-49,131,-61,minecraft:hopper
-51,131,-59,minecraft:hopper
-49,129,-64,minecraft:hopper
-49,133,-60,minecraft:hopper
-49,131,-63,minecraft:hopper
-49,133,-62,minecraft:hopper
-49,135,-61,minecraft:hopper
-51,135,-59,minecraft:hopper
-49,133,-64,minecraft:hopper
-49,135,-63,minecraft:hopper
-49,130,-61,minecraft:hopper
-51,130,-59,minecraft:hopper
-49,132,-60,minecraft:hopper
-49,130,-63,minecraft:hopper
-49,132,-62,minecraft:hopper
-49,134,-61,minecraft:hopper
-51,134,-59,minecraft:hopper
-49,132,-64,minecraft:hopper
-49,136,-60,minecraft:hopper
-49,134,-63,minecraft:hopper
-49,136,-62,minecraft:hopper
-49,136,-64,minecraft:hopper
-47,129,-61,minecraft:chest
-48,129,-61,minecraft:chest
-47,131,-60,minecraft:chest
-47,129,-63,minecraft:chest
-48,131,-60,minecraft:chest
-48,129,-63,minecraft:chest
-47,131,-62,minecraft:chest
-48,131,-62,minecraft:chest
-47,133,-61,minecraft:chest
-47,131,-64,minecraft:chest
-48,133,-61,minecraft:chest
-47,135,-60,minecraft:chest
-48,131,-64,minecraft:chest
-47,133,-63,minecraft:chest
-48,135,-60,minecraft:chest
-48,133,-63,minecraft:chest
-47,135,-62,minecraft:chest
-48,135,-62,minecraft:chest
-47,135,-64,minecraft:chest
-48,135,-64,minecraft:chest
-47,130,-60,minecraft:chest
-48,130,-60,minecraft:chest
-47,130,-62,minecraft:chest
-48,130,-62,minecraft:chest
-47,132,-61,minecraft:chest
-48,132,-61,minecraft:chest
-47,130,-64,minecraft:chest
-47,134,-60,minecraft:chest
-48,130,-64,minecraft:chest
-47,132,-63,minecraft:chest
-48,134,-60,minecraft:chest
-48,132,-63,minecraft:chest
-47,134,-62,minecraft:chest
-48,134,-62,minecraft:chest
-47,134,-64,minecraft:chest
-48,134,-64,minecraft:chest
-47,129,-60,minecraft:chest
-48,129,-60,minecraft:chest
-47,129,-62,minecraft:chest
-48,129,-62,minecraft:chest
-47,131,-61,minecraft:chest
-47,129,-64,minecraft:chest
-48,131,-61,minecraft:chest
-47,133,-60,minecraft:chest
-48,129,-64,minecraft:chest
-47,131,-63,minecraft:chest
-48,133,-60,minecraft:chest
-48,131,-63,minecraft:chest
-47,133,-62,minecraft:chest
-48,133,-62,minecraft:chest
-47,135,-61,minecraft:chest
-47,133,-64,minecraft:chest
-48,135,-61,minecraft:chest
-48,133,-64,minecraft:chest
-47,135,-63,minecraft:chest
-48,135,-63,minecraft:chest
-47,130,-61,minecraft:chest
-48,130,-61,minecraft:chest
-47,132,-60,minecraft:chest
-48,132,-60,minecraft:chest
-47,130,-63,minecraft:chest
-48,130,-63,minecraft:chest
-47,132,-62,minecraft:chest
-48,132,-62,minecraft:chest
-47,134,-61,minecraft:chest
-47,132,-64,minecraft:chest
-48,134,-61,minecraft:chest
-48,132,-64,minecraft:chest
-47,134,-63,minecraft:chest
-48,134,-63,minecraft:chest
-28,233,-93,minecraft:hopper
-29,136,-92,minecraft:hopper
-28,237,-91,minecraft:hopper
-28,235,-92,minecraft:hopper
-29,136,-96,minecraft:hopper
-28,237,-95,minecraft:hopper
-28,235,-96,minecraft:hopper
-30,129,-83,minecraft:chest
-29,131,-82,minecraft:hopper
-29,129,-83,minecraft:hopper
-30,133,-81,minecraft:chest
-31,131,-82,minecraft:chest
-31,129,-83,minecraft:chest
-30,131,-82,minecraft:chest
-29,133,-81,minecraft:hopper
-31,133,-81,minecraft:chest
-29,135,-84,minecraft:hopper
-32,129,-87,minecraft:hopper
-31,135,-84,minecraft:chest
-32,133,-85,minecraft:chest
-30,135,-84,minecraft:chest
-32,131,-86,minecraft:chest
-28,234,-92,minecraft:hopper
-29,236,-91,minecraft:comparator
-28,236,-91,minecraft:hopper
-28,234,-96,minecraft:hopper
-29,236,-95,minecraft:comparator
-28,236,-95,minecraft:hopper
-30,130,-82,minecraft:chest
-29,132,-81,minecraft:hopper
-29,130,-82,minecraft:hopper
-31,132,-81,minecraft:chest
-30,132,-81,minecraft:chest
-31,130,-82,minecraft:chest
-30,134,-84,minecraft:chest
-32,130,-86,minecraft:chest
-29,136,-83,minecraft:hopper
-29,134,-84,minecraft:hopper
-31,134,-84,minecraft:chest
-32,132,-85,minecraft:chest
-29,136,-87,minecraft:hopper
-29,136,-91,minecraft:hopper
-32,136,-87,minecraft:hopper
-28,235,-91,minecraft:hopper
-28,233,-92,minecraft:hopper
-29,136,-95,minecraft:hopper
-28,237,-90,minecraft:hopper
-28,235,-95,minecraft:hopper
-28,233,-96,minecraft:hopper
-28,237,-94,minecraft:hopper
-29,129,-82,minecraft:hopper
-31,129,-82,minecraft:chest
-30,131,-81,minecraft:chest
-30,129,-82,minecraft:chest
-29,131,-81,minecraft:hopper
-31,131,-81,minecraft:chest
-29,133,-84,minecraft:hopper
-31,133,-84,minecraft:chest
-30,135,-83,minecraft:chest
-32,131,-85,minecraft:chest
-30,133,-84,minecraft:chest
-32,129,-86,minecraft:chest
-29,135,-83,minecraft:hopper
-31,135,-83,minecraft:chest
-32,135,-87,minecraft:hopper
-28,236,-90,minecraft:hopper
-28,234,-91,minecraft:hopper
-29,236,-90,minecraft:comparator
-28,236,-94,minecraft:hopper
-28,234,-95,minecraft:hopper
-29,236,-94,minecraft:comparator
-29,130,-81,minecraft:hopper
-31,130,-81,minecraft:chest
-30,130,-81,minecraft:chest
-30,132,-84,minecraft:chest
-29,134,-83,minecraft:hopper
-29,132,-84,minecraft:hopper
-31,134,-83,minecraft:chest
-31,132,-84,minecraft:chest
-30,134,-83,minecraft:chest
-32,130,-85,minecraft:chest
-29,136,-82,minecraft:hopper
-29,136,-86,minecraft:hopper
-32,134,-87,minecraft:hopper
-28,233,-91,minecraft:hopper
-29,136,-90,minecraft:hopper
-28,237,-89,minecraft:hopper
-28,235,-90,minecraft:hopper
-28,233,-95,minecraft:hopper
-29,136,-94,minecraft:hopper
-28,237,-93,minecraft:hopper
-28,235,-94,minecraft:hopper
-30,129,-81,minecraft:chest
-29,129,-81,minecraft:hopper
-31,129,-81,minecraft:chest
-29,131,-84,minecraft:hopper
-31,131,-84,minecraft:chest
-30,133,-83,minecraft:chest
-32,129,-85,minecraft:chest
-29,135,-82,minecraft:hopper
-30,131,-84,minecraft:chest
-29,133,-83,minecraft:hopper
-31,135,-82,minecraft:chest
-30,135,-82,minecraft:chest
-31,133,-83,minecraft:chest
-32,133,-87,minecraft:hopper
-32,135,-86,minecraft:chest
-28,234,-90,minecraft:hopper
-29,236,-89,minecraft:comparator
-28,236,-89,minecraft:hopper
-28,234,-94,minecraft:hopper
-29,236,-93,minecraft:comparator
-28,236,-93,minecraft:hopper
-30,130,-84,minecraft:chest
-29,132,-83,minecraft:hopper
-29,130,-84,minecraft:hopper
-30,134,-82,minecraft:chest
-31,132,-83,minecraft:chest
-29,136,-81,minecraft:hopper
-31,130,-84,minecraft:chest
-30,132,-83,minecraft:chest
-29,134,-82,minecraft:hopper
-31,134,-82,minecraft:chest
-29,136,-85,minecraft:hopper
-32,134,-86,minecraft:chest
-32,132,-87,minecraft:hopper
-29,136,-89,minecraft:hopper
-28,235,-89,minecraft:hopper
-28,233,-90,minecraft:hopper
-29,237,-88,minecraft:hopper
-29,136,-93,minecraft:hopper
-28,237,-88,minecraft:hopper
-28,235,-93,minecraft:hopper
-31,237,-88,minecraft:hopper
-28,233,-94,minecraft:hopper
-30,237,-88,minecraft:hopper
-28,237,-92,minecraft:hopper
-32,237,-88,minecraft:hopper
-28,237,-96,minecraft:hopper
-29,129,-84,minecraft:hopper
-31,129,-84,minecraft:chest
-30,131,-83,minecraft:chest
-29,133,-82,minecraft:hopper
-30,129,-84,minecraft:chest
-29,131,-83,minecraft:hopper
-30,135,-81,minecraft:chest
-31,133,-82,minecraft:chest
-30,133,-82,minecraft:chest
-31,131,-83,minecraft:chest
-29,135,-81,minecraft:hopper
-31,135,-81,minecraft:chest
-32,131,-87,minecraft:hopper
-32,135,-85,minecraft:chest
-32,133,-86,minecraft:chest
-28,234,-89,minecraft:hopper
-28,236,-92,minecraft:hopper
-28,234,-93,minecraft:hopper
-29,236,-92,minecraft:comparator
-28,236,-96,minecraft:hopper
-29,236,-96,minecraft:comparator
-29,130,-83,minecraft:hopper
-30,132,-82,minecraft:chest
-31,130,-83,minecraft:chest
-29,134,-81,minecraft:hopper
-30,130,-83,minecraft:chest
-29,132,-82,minecraft:hopper
-31,134,-81,minecraft:chest
-30,134,-81,minecraft:chest
-31,132,-82,minecraft:chest
-32,132,-86,minecraft:chest
-29,136,-84,minecraft:hopper
-32,130,-87,minecraft:hopper
-32,134,-85,minecraft:chest
-28,233,-89,minecraft:hopper
-29,136,-88,minecraft:hopper
97,68,75,minecraft:sign
