x,y,z,uuid,type,alive,display_name,custom_name
-96.56104096148941,85.0,-94.71240746558634,2ca12fc1-60b3-4529-890a-47617a21e7e6,minecraft:zombie_pigman,true,Zombie Pigman,[null]
-96.21272737333571,86.0,-89.8336933411148,e6ee5bf1-bdc6-4645-89bb-4e71203cc81a,minecraft:zombie_pigman,true,Zombie Pigman,[null]
-92.72529663817238,86.0,-101.21698856796075,84037ca9-4f7a-4ccd-813e-b3afd02453f4,minecraft:zombie_pigman,true,Zombie Pigman,[null]
-94.2510076444796,86.0,-100.80864159741753,927a73d2-ad7a-44a9-945a-7d9a7fdaa323,minecraft:zombie_pigman,true,Zombie Pigman,[null]
-94.19245834872322,86.0,-98.40949327669306,bf2222c8-a6ac-443c-8f97-9cf1a2241403,minecraft:zombie_pigman,true,Zombie Pigman,[null]
-90.49597868634729,86.0,-100.49630265872618,5db4a314-8f3b-4fd1-ad8b-ffe9c5947872,minecraft:zombie_pigman,true,Zombie Pigman,[null]
-90.99937177907029,86.0,-104.11050100618017,bf1a2c25-e7a9-495f-b2b6-5e88c9b072e9,minecraft:zombie_pigman,true,Zombie Pigman,[null]
-94.95281566978844,86.0,-100.56910457751889,8f53e406-33a6-479b-a5fb-9b3c09a9c184,minecraft:zombie_pigman,true,Zombie Pigman,[null]
-63.699999988079064,243.0,-51.30000001192093,1afaaf73-cf68-4999-9837-719765d5bc27,minecraft:zombie_pigman,true,Trigger Pigman,Trigger Pigman
25.80467125547071,73.0,-8.803216806417458,31b6cc09-c99f-4914-b40f-c0be5a0a9976,minecraft:zombie_pigman,true,Zombie Pigman,[null]
42.5,64.0,-23.5,baed9854-7caf-4c51-a258-e8a81e756821,minecraft:zombie_pigman,true,Zombie Pigman,[null]
80.1867030166146,107.0,-101.7428840650532,3bbf41a7-0006-43d6-9bf8-e519128cbd24,minecraft:zombie_pigman,true,Zombie Pigman,[null]
97.875,51.0,-126.01019051996478,9df0261b-e4fa-4c9b-93fd-3bd8a263f989,minecraft:item,true,Netherrack,[null]
143.99695887631302,128.00581722669526,105.90893087717544,f935b063-b593-4ece-b89e-dcdef966a16d,minecraft:arrow,true,Arrow,[null]
-13.5,33.875,114.5,ba769066-808c-4ecd-95c7-af867b8205ef,minecraft:zombie_pigman,true,Zombie Pigman,[null]
172.5,107.0,-52.5,2088bba3-a32f-4b4d-991e-d18165a2bc49,minecraft:zombie_pigman,true,Zombie Pigman,[null]
175.16328676217114,34.875,-132.16330224632887,1a433328-c308-4195-ab25-08d890676bc1,minecraft:zombie_pigman,true,Zombie Pigman,[null]
233.49373222909676,128.04985227901665,94.6365111671093,847cf730-e5de-489e-86e9-78bc324be84c,minecraft:arrow,true,Arrow,[null]
274.4330518565536,291.807027598627,51.340489470096436,8492d0b4-8a1d-40d7-9639-3c0149ec4aba,minecraft:arrow,true,Arrow,[null]
-17.781853554998282,128.02436757313612,160.87104708732267,c3db2c8e-c632-4625-99a0-34286191b3c0,minecraft:arrow,true,Arrow,[null]
-24.02106391356028,128.0385568548579,166.9341002680676,26315f23-16ea-4dd1-9de8-33f1550e30e3,minecraft:arrow,true,Arrow,[null]
-29.31617186760044,128.04707700984545,168.76366700718202,0fd489de-5c18-4022-88cc-7246452efbc6,minecraft:arrow,true,Arrow,[null]
-14.011687681271074,41.0,240.1157097194463,0f1c7986-1937-4bf9-bcfd-d02b77cbd655,minecraft:experience_orb,true,Experience Orb,[null]
14.9956752871274,128.0499976133527,171.24995658711438,6a7ceed5-03ac-43b2-9312-4a61e3afb5dc,minecraft:arrow,true,Arrow,[null]
15.087298561255515,128.04999761335318,173.2478567656903,1a00bcb3-3275-4bb4-8730-ba89530805de,minecraft:arrow,true,Arrow,[null]
36.38457064125712,42.0,268.88278959573375,6d21b96c-226e-41d3-b6f3-779a5ee46487,minecraft:experience_orb,true,Experience Orb,[null]
34.14215987383633,41.0,263.90897705818486,a47ce93c-d261-49f5-b70c-2e1d92af9d67,minecraft:experience_orb,true,Experience Orb,[null]
34.84559882498304,42.0,272.71560614442615,cb4407ee-d2d3-4e1a-afb1-9b0f25efb303,minecraft:experience_orb,true,Experience Orb,[null]
52.5,74.0,233.5,305a5c3a-0b20-443b-9709-6899a2a92525,minecraft:zombie_pigman,true,Zombie Pigman,[null]
51.5,74.0,228.5,94aed7e0-6144-454e-add6-c3c3b39e57a8,minecraft:zombie_pigman,true,Zombie Pigman,[null]
51.5,74.0,236.5,f508c14a-b782-4862-b5bf-241a56bde897,minecraft:zombie_pigman,true,Zombie Pigman,[null]
95.125,67.0,239.05849266020832,11554284-6985-4547-be51-d7bbd3126b6c,minecraft:item,true,String,[null]
95.25,67.0,236.00895781689934,7b4fb941-53f6-4dc5-b247-b8b8a7343b9a,minecraft:experience_orb,true,Experience Orb,[null]
95.2536633922675,67.0,233.61731756249702,d4836fe8-5709-480e-b4e8-46fdc7bd1f19,minecraft:experience_orb,true,Experience Orb,[null]
154.5766472676749,128.049943814702,266.6954944958184,30cf07bf-62b7-42d4-b8fa-13795ff0cd26,minecraft:arrow,true,Arrow,[null]
