{
	"display": {
		"icon": {
			"item": "rose_bush"
		},
		"title": "Full Bouquet",
		"description": "Pick all the flowers",
		"frame": "goal"
	},
	"parent": "minecraft:husbandry/pick_flower",
	"rewards": {
		"experience": 50
	},
	"criteria": {
		"dandelion": {
			"trigger": "inventory_changed",
			"conditions": {
				"items": [
					{
						"item": "dandelion"
					}
				]
			}
		},
		"poppy": {
			"trigger": "inventory_changed",
			"conditions": {
				"items": [
					{
						"item": "poppy"
					}
				]
			}
		},
		"blue_orchid": {
			"trigger": "inventory_changed",
			"conditions": {
				"items": [
					{
						"item": "blue_orchid"
					}
				]
			}
		},
		"allium": {
			"trigger": "inventory_changed",
			"conditions": {
				"items": [
					{
						"item": "allium"
					}
				]
			}
		},
		"azure_bluet": {
			"trigger": "inventory_changed",
			"conditions": {
				"items": [
					{
						"item": "azure_bluet"
					}
				]
			}
		},
		"red_tulip": {
			"trigger": "inventory_changed",
			"conditions": {
				"items": [
					{
						"item": "red_tulip"
					}
				]
			}
		},
		"orange_tulip": {
			"trigger": "inventory_changed",
			"conditions": {
				"items": [
					{
						"item": "orange_tulip"
					}
				]
			}
		},
		"white_tulip": {
			"trigger": "inventory_changed",
			"conditions": {
				"items": [
					{
						"item": "white_tulip"
					}
				]
			}
		},
		"pink_tulip": {
			"trigger": "inventory_changed",
			"conditions": {
				"items": [
					{
						"item": "pink_tulip"
					}
				]
			}
		},
		"oxeye_daisy": {
			"trigger": "inventory_changed",
			"conditions": {
				"items": [
					{
						"item": "oxeye_daisy"
					}
				]
			}
		},
		"cornflower": {
			"trigger": "inventory_changed",
			"conditions": {
				"items": [
					{
						"item": "cornflower"
					}
				]
			}
		},
		"lily_of_the_valley": {
			"trigger": "inventory_changed",
			"conditions": {
				"items": [
					{
						"item": "lily_of_the_valley"
					}
				]
			}
		},
		"wither_rose": {
			"trigger": "inventory_changed",
			"conditions": {
				"items": [
					{
						"item": "wither_rose"
					}
				]
			}
		},
		"sunflower": {
			"trigger": "inventory_changed",
			"conditions": {
				"items": [
					{
						"item": "sunflower"
					}
				]
			}
		},
		"lilac": {
			"trigger": "inventory_changed",
			"conditions": {
				"items": [
					{
						"item": "lilac"
					}
				]
			}
		},
		"rose_bush": {
			"trigger": "inventory_changed",
			"conditions": {
				"items": [
					{
						"item": "rose_bush"
					}
				]
			}
		},
		"peony": {
			"trigger": "inventory_changed",
			"conditions": {
				"items": [
					{
						"item": "peony"
					}
				]
			}
		}
	}
}