{
	"display": {
		"icon": {
			"item": "apple"
		},
		"title": {
			"translate": "advancements.husbandry.balanced_diet.title"
		},
		"description": {
			"translate": "advancements.husbandry.balanced_diet.description"
		},
		"frame": "challenge"
	},
	"parent": "minecraft:husbandry/bread",
	"rewards": {
		"experience": 250
	},
	"criteria": {
		"apple": {
			"trigger": "consume_item",
			"conditions": {
				"item": {
					"item": "apple"
				}
			}
		},
		"baked_potato": {
			"trigger": "consume_item",
			"conditions": {
				"item": {
					"item": "baked_potato"
				}
			}
		},
		"beef": {
			"trigger": "consume_item",
			"conditions": {
				"item": {
					"item": "beef"
				}
			}
		},
		"beetroot": {
			"trigger": "consume_item",
			"conditions": {
				"item": {
					"item": "beetroot"
				}
			}
		},
		"beetroot_soup": {
			"trigger": "consume_item",
			"conditions": {
				"item": {
					"item": "beetroot_soup"
				}
			}
		},
		"bread": {
			"trigger": "consume_item",
			"conditions": {
				"item": {
					"item": "bread"
				}
			}
		},
		"cake": {
			"trigger": "location",
			"conditions": {
				"player": {
					"player": {
						"stats": [{
							"type": "custom",
							"stat": "eat_cake_slice",
							"value": {
								"min": 1
							}
						}]
					}
				}
			}
		},
		"carrot": {
			"trigger": "consume_item",
			"conditions": {
				"item": {
					"item": "carrot"
				}
			}
		},
		"chicken": {
			"trigger": "consume_item",
			"conditions": {
				"item": {
					"item": "chicken"
				}
			}
		},
		"chorus_fruit": {
			"trigger": "consume_item",
			"conditions": {
				"item": {
					"item": "chorus_fruit"
				}
			}
		},
		"cod": {
			"trigger": "consume_item",
			"conditions": {
				"item": {
					"item": "cod"
				}
			}
		},
		"cooked_beef": {
			"trigger": "consume_item",
			"conditions": {
				"item": {
					"item": "cooked_beef"
				}
			}
		},
		"cooked_chicken": {
			"trigger": "consume_item",
			"conditions": {
				"item": {
					"item": "cooked_chicken"
				}
			}
		},
		"cooked_cod": {
			"trigger": "consume_item",
			"conditions": {
				"item": {
					"item": "cooked_cod"
				}
			}
		},
		"cooked_mutton": {
			"trigger": "consume_item",
			"conditions": {
				"item": {
					"item": "cooked_mutton"
				}
			}
		},
		"cooked_porkchop": {
			"trigger": "consume_item",
			"conditions": {
				"item": {
					"item": "cooked_porkchop"
				}
			}
		},
		"cooked_rabbit": {
			"trigger": "consume_item",
			"conditions": {
				"item": {
					"item": "cooked_rabbit"
				}
			}
		},
		"cooked_salmon": {
			"trigger": "consume_item",
			"conditions": {
				"item": {
					"item": "cooked_salmon"
				}
			}
		},
		"cookie": {
			"trigger": "consume_item",
			"conditions": {
				"item": {
					"item": "cookie"
				}
			}
		},
		"dried_kelp": {
			"trigger": "consume_item",
			"conditions": {
				"item": {
					"item": "dried_kelp"
				}
			}
		},
		"enchanted_golden_apple": {
			"trigger": "consume_item",
			"conditions": {
				"item": {
					"item": "enchanted_golden_apple"
				}
			}
		},
		"golden_apple": {
			"trigger": "consume_item",
			"conditions": {
				"item": {
					"item": "golden_apple"
				}
			}
		},
		"golden_carrot": {
			"trigger": "consume_item",
			"conditions": {
				"item": {
					"item": "golden_carrot"
				}
			}
		},
		"honey_bottle": {
			"trigger": "consume_item",
			"conditions": {
				"item": {
					"item": "honey_bottle"
				}
			}
		},
		"melon_slice": {
			"trigger": "consume_item",
			"conditions": {
				"item": {
					"item": "melon_slice"
				}
			}
		},
		"mushroom_stew": {
			"trigger": "consume_item",
			"conditions": {
				"item": {
					"item": "mushroom_stew"
				}
			}
		},
		"mutton": {
			"trigger": "consume_item",
			"conditions": {
				"item": {
					"item": "mutton"
				}
			}
		},
		"poisonous_potato": {
			"trigger": "consume_item",
			"conditions": {
				"item": {
					"item": "poisonous_potato"
				}
			}
		},
		"porkchop": {
			"trigger": "consume_item",
			"conditions": {
				"item": {
					"item": "porkchop"
				}
			}
		},
		"potato": {
			"trigger": "consume_item",
			"conditions": {
				"item": {
					"item": "potato"
				}
			}
		},
		"pufferfish": {
			"trigger": "consume_item",
			"conditions": {
				"item": {
					"item": "pufferfish"
				}
			}
		},
		"pumpkin_pie": {
			"trigger": "consume_item",
			"conditions": {
				"item": {
					"item": "pumpkin_pie"
				}
			}
		},
		"rabbit": {
			"trigger": "consume_item",
			"conditions": {
				"item": {
					"item": "rabbit"
				}
			}
		},
		"rabbit_stew": {
			"trigger": "consume_item",
			"conditions": {
				"item": {
					"item": "rabbit_stew"
				}
			}
		},
		"rotten_flesh": {
			"trigger": "consume_item",
			"conditions": {
				"item": {
					"item": "rotten_flesh"
				}
			}
		},
		"salmon": {
			"trigger": "consume_item",
			"conditions": {
				"item": {
					"item": "salmon"
				}
			}
		},
		"spider_eye": {
			"trigger": "consume_item",
			"conditions": {
				"item": {
					"item": "spider_eye"
				}
			}
		},
		"suspicious_stew": {
			"trigger": "consume_item",
			"conditions": {
				"item": {
					"item": "suspicious_stew"
				}
			}
		},
		"sweet_berries": {
			"trigger": "consume_item",
			"conditions": {
				"item": {
					"item": "sweet_berries"
				}
			}
		},
		"tropical_fish": {
			"trigger": "consume_item",
			"conditions": {
				"item": {
					"item": "tropical_fish"
				}
			}
		}
	}
}