{
	"display": {
		"icon": {
			"item": "cookie"
		},
		"title": "Treat Yourself",
		"description": "Eat every dessert",
		"frame": "goal"
	},
	"parent": "minecraft:husbandry/cake",
	"criteria": {
		"cake": {
			"trigger": "location",
			"conditions": {
				"player": {
					"player": {
						"stats": [{
							"type": "custom",
							"stat": "eat_cake_slice",
							"value": {
								"min": 1
							}
						}]
					}
				}
			}
		},
		"cookie": {
			"trigger": "consume_item",
			"conditions": {
				"item": {
					"item": "cookie"
				}
			}
		},
		"pie": {
			"trigger": "consume_item",
			"conditions": {
				"item": {
					"item": "pumpkin_pie"
				}
			}
		}
	}
}