{
	"display": {
		"icon": {
			"item": "beetroot_seeds"
		},
		"title": "Green Thumb",
		"description": "Plant everything you can in tilled ground",
		"frame": "goal"
	},
	"parent": "minecraft:husbandry/plant_seed",
	"criteria": {
		"wheat_seeds": {
			"trigger": "placed_block",
			"conditions": {
				"item": {
					"item": "wheat_seeds"
				}
			}
		},
		"pumpkin_seeds": {
			"trigger": "placed_block",
			"conditions": {
				"item": {
					"item": "pumpkin_seeds"
				}
			}
		},
		"melon_seeds": {
			"trigger": "placed_block",
			"conditions": {
				"item": {
					"item": "melon_seeds"
				}
			}
		},
		"beetroot_seeds": {
			"trigger": "placed_block",
			"conditions": {
				"item": {
					"item": "beetroot_seeds"
				}
			}
		},
		"potato": {
			"trigger": "placed_block",
			"conditions": {
				"item": {
					"item": "potato"
				}
			}
		},
		"carrot": {
			"trigger": "placed_block",
			"conditions": {
				"item": {
					"item": "carrot"
				}
			}
		}
	}
}