{
	"display": {
		"icon": {
			"item": "vine"
		},
		"title": "Master of the Field",
		"description": "Plant everything that grows",
		"frame": "challenge"
	},
	"parent": "minecraft:husbandry/plant_all_seeds",
	"rewards": {
		"experience": 150
	},
	"criteria": {
		"wheat_seeds": {
			"trigger": "placed_block",
			"conditions": {
				"item": {
					"item": "wheat_seeds"
				}
			}
		},
		"pumpkin_seeds": {
			"trigger": "placed_block",
			"conditions": {
				"item": {
					"item": "pumpkin_seeds"
				}
			}
		},
		"melon_seeds": {
			"trigger": "placed_block",
			"conditions": {
				"item": {
					"item": "melon_seeds"
				}
			}
		},
		"beetroot_seeds": {
			"trigger": "placed_block",
			"conditions": {
				"item": {
					"item": "beetroot_seeds"
				}
			}
		},
		"potato": {
			"trigger": "placed_block",
			"conditions": {
				"item": {
					"item": "potato"
				}
			}
		},
		"carrot": {
			"trigger": "placed_block",
			"conditions": {
				"item": {
					"item": "carrot"
				}
			}
		},
		"oak_sapling": {
			"trigger": "placed_block",
			"conditions": {
				"block": "oak_sapling"
			}
		},
		"spruce_sapling": {
			"trigger": "placed_block",
			"conditions": {
				"block": "spruce_sapling"
			}
		},
		"birch_sapling": {
			"trigger": "placed_block",
			"conditions": {
				"block": "birch_sapling"
			}
		},
		"jungle_sapling": {
			"trigger": "placed_block",
			"conditions": {
				"block": "jungle_sapling"
			}
		},
		"acacia_sapling": {
			"trigger": "placed_block",
			"conditions": {
				"block": "acacia_sapling"
			}
		},
		"dark_oak_sapling": {
			"trigger": "placed_block",
			"conditions": {
				"block": "dark_oak_sapling"
			}
		},
		"chorus_flower": {
			"trigger": "placed_block",
			"conditions": {
				"item": {
					"item": "chorus_flower"
				}
			}
		},
		"cactus": {
			"trigger": "placed_block",
			"conditions": {
				"item": {
					"item": "cactus"
				}
			}
		},
		"vine": {
			"trigger": "placed_block",
			"conditions": {
				"item": {
					"item": "vine"
				}
			}
		},
		"sugar_cane": {
			"trigger": "placed_block",
			"conditions": {
				"item": {
					"item": "sugar_cane"
				}
			}
		},
		"kelp": {
			"trigger": "placed_block",
			"conditions": {
				"item": {
					"item": "kelp"
				}
			}
		},
		"bamboo": {
			"trigger": "placed_block",
			"conditions": {
				"item": {
					"item": "bamboo"
				}
			}
		},
		"cocoa_beans": {
			"trigger": "placed_block",
			"conditions": {
				"item": {
					"item": "cocoa_beans"
				}
			}
		},
		"nether_wart": {
			"trigger": "placed_block",
			"conditions": {
				"item": {
					"item": "nether_wart"
				}
			}
		},
		"sweet_berries": {
			"trigger": "placed_block",
			"conditions": {
				"item": {
					"item": "sweet_berries"
				}
			}
		},
		"weeping_vines": {
			"trigger": "placed_block",
			"conditions": {
				"item": {
					"item": "weeping_vines"
				}
			}
		},
		"twisting_vines": {
			"trigger": "placed_block",
			"conditions": {
				"item": {
					"item": "twisting_vines"
				}
			}
		}
	}
}