{
	"display": {
		"icon": {
			"item": "cooked_chicken"
		},
		"title": "Thanksgiving Feast",
		"description": "Eat turkey, potatoes, rolls, cranberries, and pie for your feast",
		"frame": "goal"
	},
	"parent": "minecraft:husbandry/pumpkin_pie",
	"criteria": {
		"turkey": {
			"trigger": "consume_item",
			"conditions": {
				"item": {
					"item": "cooked_chicken"
				}
			}
		},
		"mashed_potatoes": {
			"trigger": "consume_item",
			"conditions": {
				"item": {
					"item": "baked_potato"
				}
			}
		},
		"rolls": {
			"trigger": "consume_item",
			"conditions": {
				"item": {
					"item": "bread"
				}
			}
		},
		"cranberries": {
			"trigger": "consume_item",
			"conditions": {
				"item": {
					"item": "sweet_berries"
				}
			}
		},
		"pie": {
			"trigger": "consume_item",
			"conditions": {
				"item": {
					"item": "pumpkin_pie"
				}
			}
		}
	}
}