 {
	"display":{
		"icon": {
            "item": "minecraft:skull"
        },
        "title": {
            "text": "32 Deaths"
        },
        "description": ["",{"text":"This is Your 32ed Death, Do I Need To Get Dr. Phill?"},{"text":"\nmidna_87","color":"dark_gray","italic":true}],
		"frame": "task"
	},
	"parent":"PixelCraft:midna_87/16thDeath",
	"criteria":{
		"die1": {
               "trigger": "minecraft:impossible"
           }
       }
   },
	"rewards": {
		"function":"PixelCraft:You_Did_It"
	}
}
