{
	"display": {
		"icon": {
			"item": "netherite_pickaxe"
		},
		"title": "The Highest Tier",
		"description": "Have full netherite tools and armor",
		"frame": "challenge"
	},
	"parent": "minecraft:nether/netherite_armor",
	"rewards": {
		"experience": 85
	},
	"criteria": {
		"helmet": {
			"trigger": "inventory_changed",
			"conditions": {
				"items": [{
					"item": "netherite_helmet"
				}]
			}
		},
		"chestplate": {
			"trigger": "inventory_changed",
			"conditions": {
				"items": [{
					"item": "netherite_chestplate"
				}]
			}
		},
		"leggings": {
			"trigger": "inventory_changed",
			"conditions": {
				"items": [{
					"item": "netherite_leggings"
				}]
			}
		},
		"boots": {
			"trigger": "inventory_changed",
			"conditions": {
				"items": [{
					"item": "netherite_boots"
				}]
			}
		},
		"sword": {
			"trigger": "inventory_changed",
			"conditions": {
				"items": [{
					"item": "netherite_sword"
				}]
			}
		},
		"shovel": {
			"trigger": "inventory_changed",
			"conditions": {
				"items": [{
					"item": "netherite_shovel"
				}]
			}
		},
		"pickaxe": {
			"trigger": "inventory_changed",
			"conditions": {
				"items": [{
					"item": "netherite_pickaxe"
				}]
			}
		},
		"axe": {
			"trigger": "inventory_changed",
			"conditions": {
				"items": [{
					"item": "netherite_axe"
				}]
			}
		},
		"hoe": {
			"trigger": "inventory_changed",
			"conditions": {
				"items": [{
					"item": "netherite_hoe"
				}]
			}
		}
	}
}