{
	"parent": "minecraft:nether/ghastly_butcher",
	"display": {
		"icon": {
			"item": "ghast_tear"
		},
		"title": {
			"translate": "advancements.nether.uneasy_alliance.title"
		},
		"description": {
			"translate": "advancements.nether.uneasy_alliance.description"
		},
		"frame": "challenge"
	},
	"rewards": {
		"experience": 150
	},
	"criteria": {
		"killed_ghast": {
			"trigger": "player_killed_entity",
			"conditions": {
				"entity": {
					"type": "ghast",
					"location": {
						"dimension": "overworld"
					}
				}
			}
		}
	}
}