{
    "display": {
        "icon": {
            "item": "minecraft:armor_stand"
        },
        "title": {
            "text": "Customizable Armor Stands",
            "color": "white",
            "bold": false,
            "italic": false
        },
        "description": {
            "text": "Adds a unique book that allows you to alter the properties of armour stands in survival.",
            "color": "green",
            "bold": false,
            "italic": true
        },
        "show_toast": false,
        "announce_to_chat": false,
        "frame": "goal"
    },
    "parent": "main:main/root",
    "criteria": {
        "tick": {
            "trigger": "minecraft:tick"
        }
    }
}