{
    "display": {
        "icon": {
            "item": "minecraft:diamond_pickaxe",
            "nbt": "{Enchantments:[{id:\"minecraft:fortune\",lvl:1000}]}"
        },
        "title": {
            "text": "Track Raw Statistics",
            "color": "white",
            "bold": false,
            "italic": false
        },
        "description": {
            "text": "Adds 100+ scoreboards that track many different statistics. Especially useful for multiplayer.",
            "color": "green",
            "bold": false,
            "italic": true
        },
        "show_toast": false,
        "announce_to_chat": false,
        "frame": "goal"
    },
    "parent": "main:main/root",
    "criteria": {
        "tick": {
            "trigger": "minecraft:tick"
        }
    }
}