{
	"display": {
		"icon": {
			"item": "purpur_pillar"
		},
		"title": "PurPurfect",
		"description": "Craft all purpur variants",
		"frame": "goal"
	},
	"parent": "minecraft:end/chorus_fruit",
	"criteria": {
		"block": {
			"trigger": "inventory_changed",
			"conditions": {
				"items": [{
					"item": "purpur_block"
				}]
			}
		},
		"pillar": {
			"trigger": "inventory_changed",
			"conditions": {
				"items": [{
					"item": "purpur_pillar"
				}]
			}
		},
		"stairs": {
			"trigger": "inventory_changed",
			"conditions": {
				"items": [{
					"item": "purpur_stairs"
				}]
			}
		},
		"slab": {
			"trigger": "inventory_changed",
			"conditions": {
				"items": [{
					"item": "purpur_slab"
				}]
			}
		}
	}
}