 {
	"display":{
		"icon": {
            "item": "minecraft:spider_eye"
        },
        "title": {
            "text": "This Is Uneyeing"
        },
        "description": ["",{"text":"Well Theres The String"},{"text":"\nMapleSquid","color":"dark_gray","italic":true}],
		"frame": "task"
	},
	"parent":"PixelCraft:MapleSquid/IFoundABone",
	"criteria":{
		"mine_coal": {
               "trigger": "minecraft:impossible"
           }
       }
   },
	"rewards": {
		"function":"PixelCraft:You_Did_It"
	}
}
