 {
	"display":{
		"icon": {
            "item": "minecraft:boat"
        },
        "title": {
            "text": "Who Lives In A . . ."
        },
        "description": ["",{"text":"Under The Sea?"},{"text":"\nMapleSquid","color":"dark_gray","italic":true}],
		"frame": "task"
	},
	"parent":"PixelCraft:MapleSquid/ThisIsReallyCold",
	"criteria":{
		"mine_coal": {
               "trigger": "minecraft:impossible"
           }
       }
   },
	"rewards": {
		"function":"PixelCraft:You_Did_It"
	}
}
