{
  "Generic": {
    "ignoredKeys": {
      "keys": "",
      "settings": {
        "activate_on": "PRESS",
        "context": "INGAME",
        "allow_empty": false,
        "allow_extra_keys": false,
        "order_sensitive": true,
        "exclusive": false,
        "cancel": true
      }
    },
    "openGuiConfigs": {
      "keys": "A,C",
      "settings": {
        "activate_on": "PRESS",
        "context": "INGAME",
        "allow_empty": false,
        "allow_extra_keys": false,
        "order_sensitive": true,
        "exclusive": false,
        "cancel": true
      }
    }
  }
}