{
    "display": {
        "icon": {
            "item": "minecraft:player_head"
        },
        "title": {
            "text": "Player Head Drops",
            "color": "white",
            "bold": false,
            "italic": false
        },
        "description": {
            "text": "A player will drop their head when killed by another player. The item displays who the killer is.",
            "color": "green",
            "bold": false,
            "italic": true
        },
        "show_toast": false,
        "announce_to_chat": false,
        "frame": "goal"
    },
    "parent": "main:main/root",
    "criteria": {
        "tick": {
            "trigger": "minecraft:tick"
        }
    }
}