{
	"display": {
		"icon": {
			"item": "diamond_boots",
			"nbt": "{Enchantments:[{id:'minecraft:lure'}]}"
		},
		"title": "Water Walker",
		"description": "Use Depth Strider to speed through water"
	},
	"parent": "platy:ocean/boat",
	"criteria": {
		"water": {
			"trigger": "enter_block",
			"conditions": {
				"block": "water",
				"player": {
					"equipment": {
						"feet": {
							"tag": "platy:boots",
							"enchantments": [{
								"enchantment": "minecraft:depth_strider"
							}]
						}
					}
				}
			}
		}
	}
}