{
	"display": {
		"icon": {
			"item": "player_head",
			"nbt": "{SkullOwner:{Id:[I;790009440,1639859901,-1397417282,-100772047],Properties:{textures:[{Value:'eyJ0ZXh0dXJlcyI6eyJTS0lOIjp7InVybCI6Imh0dHA6Ly90ZXh0dXJlcy5taW5lY3JhZnQubmV0L3RleHR1cmUvYzNmN2NjZjYxZGJjM2Y5ZmU5YTYzMzNjZGUwYzBlMTQzOTllYjJlZWE3MWQzNGNmMjIzYjNhY2UyMjA1MSJ9fX0='}]}}}"
		},
		"title": "Sailors Forgotten",
		"description": "Put a drowned sailor to rest"
	},
	"parent": "platy:ocean/shipwreck",
	"criteria": {
		"drowned": {
			"trigger": "player_killed_entity",
			"conditions": {
				"entity": {
					"type": "drowned"
				}
			}
		}
	}
}