{
	"display": {
		"icon": {
			"item": "pufferfish_bucket"
		},
		"title": "Live Catch",
		"description": "Pick up all four types of fish",
		"frame": "goal"
	},
	"parent": "platy:ocean/fish_bucket",
	"criteria": {
		"cod": {
			"trigger": "inventory_changed",
			"conditions": {
				"items": [{
					"item": "cod_bucket"
				}]
			}
		},
		"salmon": {
			"trigger": "inventory_changed",
			"conditions": {
				"items": [{
					"item": "salmon_bucket"
				}]
			}
		},
		"pufferfish": {
			"trigger": "inventory_changed",
			"conditions": {
				"items": [{
					"item": "pufferfish_bucket"
				}]
			}
		},
		"tropical_fish": {
			"trigger": "inventory_changed",
			"conditions": {
				"items": [{
					"item": "tropical_fish_bucket"
				}]
			}
		}
	}
}