{
	"display": {
		"icon": {
			"item": "heart_of_the_sea"
		},
		"title": "Heart and Soul",
		"description": "Collect a heart of the sea and a nautilus shell"
	},
	"parent": "platy:ocean/hidden_booty",
	"criteria": {
		"heart_of_the_sea": {
			"trigger": "inventory_changed",
			"conditions": {
				"items": [
					{
						"item": "heart_of_the_sea"
					}
				]
			}
		},
		"nautilus_shell": {
			"trigger": "inventory_changed",
			"conditions": {
				"items": [
					{
						"item": "nautilus_shell"
					}
				]
			}
		}
	}
}