{
	"display": {
		"icon": {
			"item": "trident"
		},
		"title": {
			"translate": "advancements.adventure.throw_trident.title"
		},
		"description": {
			"translate": "advancements.adventure.throw_trident.description"
		}
	},
	"parent": "platy:ocean/drowned",
	"criteria": {
		"throw_trident": {
			"trigger": "player_hurt_entity",
			"conditions": {
				"damage": {
					"type": {
						"is_projectile": true,
						"direct_entity": {
							"type": "trident"
						}
					}
				}
			}
		}
	}
}