{
	"display": {
		"icon": {
			"item": "tropical_fish_bucket"
		},
		"title": "Tropical Aquarist",
		"description": "Collect the 22 most common tropical fish variants",
		"frame": "challenge"
	},
	"parent": "platy:ocean/fish_buckets",
	"rewards": {
		"experience": 100
	},
	"criteria": {
		"anenome": {
			"trigger": "inventory_changed",
			"conditions": {
				"items": [{
					"item": "tropical_fish_bucket",
					"nbt": "{BucketVariantTag:117506305}"
				}]
			}
		},
		"black_tang": {
			"trigger": "inventory_changed",
			"conditions": {
				"items": [{
					"item": "tropical_fish_bucket",
					"nbt": "{BucketVariantTag:117899265}"
				}]
			}
		},
		"blue_tang": {
			"trigger": "inventory_changed",
			"conditions": {
				"items": [{
					"item": "tropical_fish_bucket",
					"nbt": "{BucketVariantTag:185008129}"
				}]
			}
		},
		"butterflyfish": {
			"trigger": "inventory_changed",
			"conditions": {
				"items": [{
					"item": "tropical_fish_bucket",
					"nbt": "{BucketVariantTag:117441793}"
				}]
			}
		},
		"cichlid": {
			"trigger": "inventory_changed",
			"conditions": {
				"items": [{
					"item": "tropical_fish_bucket",
					"nbt": "{BucketVariantTag:118161664}"
				}]
			}
		},
		"clownfish": {
			"trigger": "inventory_changed",
			"conditions": {
				"items": [{
					"item": "tropical_fish_bucket",
					"nbt": "{BucketVariantTag:65536}"
				}]
			}
		},
		"cotton_candy_betta": {
			"trigger": "inventory_changed",
			"conditions": {
				"items": [{
					"item": "tropical_fish_bucket",
					"nbt": "{BucketVariantTag:50726144}"
				}]
			}
		},
		"dottyback": {
			"trigger": "inventory_changed",
			"conditions": {
				"items": [{
					"item": "tropical_fish_bucket",
					"nbt": "{BucketVariantTag:67764993}"
				}]
			}
		},
		"emperor_red_snapper": {
			"trigger": "inventory_changed",
			"conditions": {
				"items": [{
					"item": "tropical_fish_bucket",
					"nbt": "{BucketVariantTag:234882305}"
				}]
			}
		},
		"goatfish": {
			"trigger": "inventory_changed",
			"conditions": {
				"items": [{
					"item": "tropical_fish_bucket",
					"nbt": "{BucketVariantTag:67110144}"
				}]
			}
		},
		"moorish_idol": {
			"trigger": "inventory_changed",
			"conditions": {
				"items": [{
					"item": "tropical_fish_bucket",
					"nbt": "{BucketVariantTag:117441025}"
				}]
			}
		},
		"ornate_butterflyfish": {
			"trigger": "inventory_changed",
			"conditions": {
				"items": [{
					"item": "tropical_fish_bucket",
					"nbt": "{BucketVariantTag:16778497}"
				}]
			}
		},
		"parrotfish": {
			"trigger": "inventory_changed",
			"conditions": {
				"items": [{
					"item": "tropical_fish_bucket",
					"nbt": "{BucketVariantTag:101253888}"
				}]
			}
		},
		"queen_angelfish": {
			"trigger": "inventory_changed",
			"conditions": {
				"items": [{
					"item": "tropical_fish_bucket",
					"nbt": "{BucketVariantTag:50660352}"
				}]
			}
		},
		"red_cichlid": {
			"trigger": "inventory_changed",
			"conditions": {
				"items": [{
					"item": "tropical_fish_bucket",
					"nbt": "{BucketVariantTag:918529}"
				}]
			}
		},
		"red_lipped_blenny": {
			"trigger": "inventory_changed",
			"conditions": {
				"items": [{
					"item": "tropical_fish_bucket",
					"nbt": "{BucketVariantTag:235340288}"
				}]
			}
		},
		"red_snapper": {
			"trigger": "inventory_changed",
			"conditions": {
				"items": [{
					"item": "tropical_fish_bucket",
					"nbt": "{BucketVariantTag:918273}"
				}]
			}
		},
		"threadfin": {
			"trigger": "inventory_changed",
			"conditions": {
				"items": [{
					"item": "tropical_fish_bucket",
					"nbt": "{BucketVariantTag:67108865}"
				}]
			}
		},
		"tomato_clownfish": {
			"trigger": "inventory_changed",
			"conditions": {
				"items": [{
					"item": "tropical_fish_bucket",
					"nbt": "{BucketVariantTag:917504}"
				}]
			}
		},
		"triggerfish": {
			"trigger": "inventory_changed",
			"conditions": {
				"items": [{
					"item": "tropical_fish_bucket",
					"nbt": "{BucketVariantTag:459008}"
				}]
			}
		},
		"yellowtail_parrotfish": {
			"trigger": "inventory_changed",
			"conditions": {
				"items": [{
					"item": "tropical_fish_bucket",
					"nbt": "{BucketVariantTag:67699456}"
				}]
			}
		},
		"yellow_tang": {
			"trigger": "inventory_changed",
			"conditions": {
				"items": [{
					"item": "tropical_fish_bucket",
					"nbt": "{BucketVariantTag:67371009}"
				}]
			}
		}
	}
}