{
	"display": {
		"icon": {
			"item": "spruce_door"
		},
		"title": "Diversity",
		"description": "Discover every type of village",
		"frame": "challenge"
	},
	"rewards": {
		"experience": 100
	},
	"parent": "platy:village/complete_trade",
	"criteria": {
		"desert": {
			"trigger": "location",
			"conditions": {
				"feature": "village",
				"biome": "desert"
			}
		},
		"plains": {
			"trigger": "location",
			"conditions": {
				"feature": "village",
				"biome": "plains"
			}
		},
		"savanna": {
			"trigger": "location",
			"conditions": {
				"feature": "village",
				"biome": "savanna"
			}
		},
		"snowy_taiga": {
			"trigger": "location",
			"conditions": {
				"feature": "village",
				"biome": "snowy_taiga"
			}
		},
		"snowy_tundra": {
			"trigger": "location",
			"conditions": {
				"feature": "village",
				"biome": "snowy_tundra"
			}
		},
		"taiga": {
			"trigger": "location",
			"conditions": {
				"feature": "village",
				"biome": "taiga"
			}
		}
	},
	"requirements": [
		[
			"desert"
		],
		[
			"plains"
		],
		[
			"savanna"
		],
		[
			"snowy_tundra",
			"snowy_taiga"
		],
		[
			"taiga"
		]
	]
}