{
	"display": {
		"icon": {
			"item": "salmon"
		},
		"title": {
			"translate": "advancements.husbandry.complete_catalogue.title"
		},
		"description": "Tame every cat variant",
		"frame": "challenge"
	},
	"rewards": {
		"experience": 50
	},
	"parent": "platy:village/tame_stray",
	"criteria": {
		"tabby": {
			"trigger": "tame_animal",
			"conditions": {
				"entity": {
					"catType": "textures/entity/cat/tabby.png"
				}
			}
		},
		"black": {
			"trigger": "tame_animal",
			"conditions": {
				"entity": {
					"catType": "textures/entity/cat/black.png"
				}
			}
		},
		"red": {
			"trigger": "tame_animal",
			"conditions": {
				"entity": {
					"catType": "textures/entity/cat/red.png"
				}
			}
		},
		"siamese": {
			"trigger": "tame_animal",
			"conditions": {
				"entity": {
					"catType": "textures/entity/cat/siamese.png"
				}
			}
		},
		"british_shorthair": {
			"trigger": "tame_animal",
			"conditions": {
				"entity": {
					"catType": "textures/entity/cat/british_shorthair.png"
				}
			}
		},
		"calico": {
			"trigger": "tame_animal",
			"conditions": {
				"entity": {
					"catType": "textures/entity/cat/calico.png"
				}
			}
		},
		"persian": {
			"trigger": "tame_animal",
			"conditions": {
				"entity": {
					"catType": "textures/entity/cat/persian.png"
				}
			}
		},
		"ragdoll": {
			"trigger": "tame_animal",
			"conditions": {
				"entity": {
					"catType": "textures/entity/cat/ragdoll.png"
				}
			}
		},
		"white": {
			"trigger": "tame_animal",
			"conditions": {
				"entity": {
					"catType": "textures/entity/cat/white.png"
				}
			}
		},
		"jellie": {
			"trigger": "tame_animal",
			"conditions": {
				"entity": {
					"catType": "textures/entity/cat/jellie.png"
				}
			}
		},
		"all_black": {
			"trigger": "tame_animal",
			"conditions": {
				"entity": {
					"catType": "textures/entity/cat/all_black.png"
				}
			}
		}
	}
}