{
	"display": {
		"icon": {
			"item": "emerald",
			"nbt": "{Enchantments:[{id:'minecraft:lure'}]}"
		},
		"title": "True Bravery",
		"description": "Defeat a raid started with Bad Omen level 5",
		"frame": "challenge",
		"hidden": true
	},
	"rewards": {
		"experience": 500
	},
	"parent": "platy:village/defeat_raid",
	"criteria": {
		"hard_raid": {
			"trigger": "effects_changed",
			"conditions": {
				"effects": {
					"hero_of_the_village": {
						"amplifier": {
							"min": 4
						}
					}
				}
			}
		}
	}
}