{
	"display": {
		"icon": {
			"item": "white_banner",
			"nbt": "{BlockEntityTag: {Patterns: [{Pattern: 'mr', Color: 9}, {Pattern: 'bs', Color: 8}, {Pattern: 'cs', Color: 7}, {Pattern: 'bo', Color: 8}, {Pattern: 'ms', Color: 15}, {Pattern: 'hh', Color: 8}, {Pattern: 'mc', Color: 8}, {Pattern: 'bo', Color: 15}]}}"
		},
		"title": "Evil Decor",
		"description": "Place the cursed banner"
	},
	"parent": "platy:village/have_bad_omen",
	"criteria": {
		"ominous_banner": {
			"trigger": "placed_block",
			"conditions": {
				"item": {
						"item": "white_banner",
						"nbt": "{BlockEntityTag: {Patterns: [{Pattern: 'mr', Color: 9}, {Pattern: 'bs', Color: 8}, {Pattern: 'cs', Color: 7}, {Pattern: 'bo', Color: 8}, {Pattern: 'ms', Color: 15}, {Pattern: 'hh', Color: 8}, {Pattern: 'mc', Color: 8}, {Pattern: 'bo', Color: 15}]}}"
				}
			}
		}
	}
}