 {
	"display":{
		"icon": {
            "item": "minecraft:diamond_sword"
        },
        "title": {
            "text": "I Can Swing My Sword Sword"
        },
        "description": ["",{"text":"I Can Swing My Sword Sword Yes My Sword Sword!!!"},{"text":"\nSkyPixels21","color":"dark_gray","italic":true}],
		"frame": "task"
	},
	"parent":"PixelCraft:SkyPixels21/root",
	"criteria":{
		"die1": {
               "trigger": "minecraft:impossible"
           }
       }
   },
	"rewards": {
		"function":"PixelCraft:You_Did_It"
	}
}
