x,y,z,type
254,71,49,minecraft:chest
255,71,49,minecraft:chest
255,71,51,minecraft:furnace
256,72,41,minecraft:sign
265,74,40,minecraft:chest
267,75,45,minecraft:chest
267,75,46,minecraft:bed
267,75,47,minecraft:bed
209,63,67,minecraft:chest
219,67,104,minecraft:chest
217,68,98,minecraft:sign
218,67,104,minecraft:chest
219,67,103,minecraft:sign
219,68,104,minecraft:chest
221,67,100,minecraft:ender_chest
218,67,103,minecraft:sign
218,68,104,minecraft:chest
265,70,20,minecraft:chest
265,70,21,minecraft:bed
265,70,22,minecraft:bed
203,0,47,minecraft:command_block
203,0,48,minecraft:sign
197,64,108,minecraft:sign
202,63,108,minecraft:chest
202,63,107,minecraft:sign
241,11,117,minecraft:chest
242,11,119,minecraft:mob_spawner
265,65,8,minecraft:bed
263,65,8,minecraft:chest
264,65,8,minecraft:bed
185,63,102,minecraft:sign
185,63,108,minecraft:sign
184,65,113,minecraft:sign
180,61,116,minecraft:hopper
181,61,115,minecraft:hopper
185,65,115,minecraft:sign
180,61,115,minecraft:hopper
180,63,117,minecraft:chest
186,65,113,minecraft:sign
185,63,115,minecraft:hopper
183,61,115,minecraft:hopper
180,61,118,minecraft:comparator
180,61,117,minecraft:dropper
182,61,115,minecraft:hopper
185,61,115,minecraft:hopper
184,61,115,minecraft:hopper
185,59,115,minecraft:hopper
180,57,118,minecraft:command_block
184,59,115,minecraft:hopper
185,57,115,minecraft:chest
180,57,120,minecraft:command_block
184,57,115,minecraft:chest
181,57,118,minecraft:command_block
180,57,121,minecraft:command_block
180,62,117,minecraft:dropper
185,64,115,minecraft:chest
184,60,115,minecraft:hopper
185,62,115,minecraft:hopper
185,64,120,minecraft:lectern
185,60,116,minecraft:comparator
184,58,115,minecraft:hopper
185,60,115,minecraft:hopper
184,60,116,minecraft:comparator
190,64,117,minecraft:chest
185,58,115,minecraft:hopper
190,64,118,minecraft:jukebox
184,58,121,minecraft:command_block
191,74,0,minecraft:chest
190,70,1,minecraft:bed
191,70,1,minecraft:bed
215,65,129,minecraft:command_block
218,66,0,minecraft:bed
179,65,95,minecraft:brewing_stand
181,65,95,minecraft:brewing_stand
186,66,90,minecraft:sign
183,65,95,minecraft:brewing_stand
177,65,85,minecraft:brewing_stand
179,65,85,minecraft:brewing_stand
181,65,85,minecraft:brewing_stand
183,65,85,minecraft:brewing_stand
177,65,95,minecraft:brewing_stand
190,68,59,minecraft:bed
191,68,59,minecraft:bed
190,68,61,minecraft:bed
190,67,60,minecraft:bed
191,68,61,minecraft:bed
191,67,60,minecraft:bed
187,60,59,minecraft:hopper
189,60,57,minecraft:chest
188,60,59,minecraft:hopper
187,60,60,minecraft:hopper
189,59,57,minecraft:chest
189,60,58,minecraft:chest
189,60,59,minecraft:hopper
188,60,60,minecraft:hopper
187,60,61,minecraft:hopper
189,59,58,minecraft:chest
189,60,60,minecraft:hopper
188,60,61,minecraft:hopper
189,59,59,minecraft:hopper
189,60,61,minecraft:hopper
218,66,-1,minecraft:bed
259,65,-9,minecraft:bell
175,65,87,minecraft:brewing_stand
175,65,89,minecraft:brewing_stand
175,65,91,minecraft:brewing_stand
175,65,93,minecraft:brewing_stand
183,31,-32,minecraft:mob_spawner
129,38,159,minecraft:mob_spawner
128,38,161,minecraft:chest
201,36,-33,minecraft:mob_spawner
380,13,168,minecraft:chest
382,13,169,minecraft:mob_spawner
127,38,159,minecraft:chest
195,31,208,minecraft:mob_spawner
152,33,210,minecraft:mob_spawner
135,41,-68,minecraft:mob_spawner
168,42,224,minecraft:mob_spawner
421,53,116,minecraft:chest
423,53,116,minecraft:mob_spawner
425,53,116,minecraft:chest
171,34,244,minecraft:mob_spawner
66,36,131,minecraft:mob_spawner
104,11,251,minecraft:mob_spawner
69,33,222,minecraft:mob_spawner
-8868,84,-997,minecraft:chest
-8868,80,-999,minecraft:hopper
-8868,82,-998,minecraft:chest
-8868,84,-993,minecraft:chest
-8867,82,-994,minecraft:chest
-8866,84,-993,minecraft:chest
-8867,84,-993,minecraft:chest
-8868,82,-994,minecraft:chest
-8865,82,-994,minecraft:chest
-8866,82,-994,minecraft:chest
-8865,84,-993,minecraft:chest
-8876,65,-994,minecraft:hopper
-8877,65,-994,minecraft:hopper
-8874,65,-994,minecraft:hopper
-8875,65,-994,minecraft:hopper
-8872,65,-994,minecraft:hopper
-8873,65,-994,minecraft:hopper
-8870,65,-994,minecraft:hopper
-8871,65,-994,minecraft:hopper
-8868,65,-994,minecraft:hopper
-8869,65,-994,minecraft:hopper
-8866,65,-994,minecraft:hopper
-8867,65,-994,minecraft:hopper
-8865,65,-994,minecraft:hopper
-8868,86,-1000,minecraft:comparator
-8867,87,-995,minecraft:hopper
-8868,87,-995,minecraft:hopper
-8868,81,-998,minecraft:chest
-8868,83,-997,minecraft:chest
-8867,83,-993,minecraft:chest
-8868,81,-994,minecraft:chest
-8868,83,-993,minecraft:chest
-8866,81,-994,minecraft:chest
-8865,83,-993,minecraft:chest
-8867,81,-994,minecraft:chest
-8866,83,-993,minecraft:chest
-8880,65,-994,minecraft:hopper
-8865,81,-994,minecraft:chest
-8878,65,-994,minecraft:hopper
-8879,65,-994,minecraft:hopper
-8867,87,-999,minecraft:hopper
-8868,87,-999,minecraft:hopper
-8868,82,-997,minecraft:chest
-8868,80,-998,minecraft:chest
-8868,82,-993,minecraft:chest
-8867,80,-994,minecraft:chest
-8866,82,-993,minecraft:chest
-8867,82,-993,minecraft:chest
-8868,80,-994,minecraft:chest
-8865,80,-994,minecraft:chest
-8866,80,-994,minecraft:chest
-8865,82,-993,minecraft:chest
-8868,86,-999,minecraft:hopper
-8868,85,-999,minecraft:hopper
-8867,87,-998,minecraft:hopper
-8868,87,-994,minecraft:hopper
-8866,87,-994,minecraft:hopper
-8867,87,-994,minecraft:hopper
-8865,87,-994,minecraft:hopper
-8868,81,-997,minecraft:chest
-8867,81,-993,minecraft:chest
-8868,81,-993,minecraft:chest
-8865,81,-993,minecraft:chest
-8866,81,-993,minecraft:chest
-8868,87,-998,minecraft:hopper
-8868,84,-999,minecraft:hopper
-8868,80,-997,minecraft:chest
-8868,80,-993,minecraft:chest
-8866,80,-993,minecraft:chest
-8867,80,-993,minecraft:chest
-8865,80,-993,minecraft:chest
-8868,85,-998,minecraft:chest
-8867,87,-997,minecraft:hopper
-8868,87,-997,minecraft:hopper
-8868,83,-999,minecraft:hopper
-8868,85,-994,minecraft:chest
-8868,87,-993,minecraft:hopper
-8866,85,-994,minecraft:chest
-8867,85,-994,minecraft:chest
-8865,85,-994,minecraft:chest
-8868,82,-999,minecraft:hopper
-8868,84,-998,minecraft:chest
-8867,84,-994,minecraft:chest
-8868,84,-994,minecraft:chest
-8865,84,-994,minecraft:chest
-8866,84,-994,minecraft:chest
-8868,87,-996,minecraft:hopper
-8868,83,-998,minecraft:chest
-8868,85,-997,minecraft:chest
-8867,87,-996,minecraft:hopper
-8868,81,-999,minecraft:hopper
-8867,85,-993,minecraft:chest
-8868,83,-994,minecraft:chest
-8868,85,-993,minecraft:chest
-8865,85,-993,minecraft:chest
-8866,83,-994,minecraft:chest
-8866,85,-993,minecraft:chest
-8867,83,-994,minecraft:chest
-8865,83,-994,minecraft:chest
-8888,65,-1000,minecraft:bed
-8887,65,-1001,minecraft:bed
-8895,63,-995,minecraft:comparator
-8888,65,-1001,minecraft:bed
-8887,65,-1002,minecraft:bed
-8896,63,-995,minecraft:comparator
-8895,63,-996,minecraft:daylight_detector
-8890,62,-994,minecraft:comparator
-8886,65,-1000,minecraft:bed
-8886,65,-1001,minecraft:bed
-8889,67,-994,minecraft:bell
-8883,67,-997,minecraft:sign
-8883,67,-995,minecraft:sign
-8883,65,-997,minecraft:hopper
-8883,67,-996,minecraft:sign
-8883,67,-993,minecraft:sign
-8883,65,-995,minecraft:hopper
-8882,65,-996,minecraft:hopper
-8883,67,-994,minecraft:sign
-8883,65,-996,minecraft:hopper
-8882,65,-997,minecraft:hopper
-8882,65,-994,minecraft:hopper
-8883,65,-993,minecraft:hopper
-8883,65,-994,minecraft:hopper
-8882,65,-995,minecraft:hopper
-8882,65,-993,minecraft:hopper
-8881,65,-994,minecraft:hopper
-8862,80,-993,minecraft:chest
-8863,80,-993,minecraft:chest
-8861,80,-993,minecraft:chest
-8864,84,-993,minecraft:chest
-8862,84,-993,minecraft:chest
-8863,82,-994,minecraft:chest
-8864,82,-994,minecraft:chest
-8863,84,-993,minecraft:chest
-8861,82,-994,minecraft:chest
-8864,80,-993,minecraft:chest
-8862,82,-994,minecraft:chest
-8861,84,-993,minecraft:chest
-8861,81,-994,minecraft:chest
-8864,65,-994,minecraft:hopper
-8864,85,-994,minecraft:chest
-8862,85,-994,minecraft:chest
-8863,85,-994,minecraft:chest
-8859,87,-993,minecraft:hopper
-8864,81,-994,minecraft:chest
-8863,83,-993,minecraft:chest
-8861,85,-994,minecraft:chest
-8864,83,-993,minecraft:chest
-8861,83,-993,minecraft:chest
-8862,81,-994,minecraft:chest
-8862,83,-993,minecraft:chest
-8863,81,-994,minecraft:chest
-8861,80,-994,minecraft:chest
-8862,80,-994,minecraft:chest
-8861,82,-993,minecraft:chest
-8863,84,-994,minecraft:chest
-8864,84,-994,minecraft:chest
-8861,84,-994,minecraft:chest
-8864,82,-993,minecraft:chest
-8862,84,-994,minecraft:chest
-8862,82,-993,minecraft:chest
-8863,80,-994,minecraft:chest
-8864,80,-994,minecraft:chest
-8863,82,-993,minecraft:chest
-8861,81,-993,minecraft:chest
-8862,81,-993,minecraft:chest
-8864,65,-993,minecraft:hopper
-8864,87,-994,minecraft:hopper
-8862,87,-994,minecraft:hopper
-8863,87,-994,minecraft:hopper
-8860,87,-994,minecraft:hopper
-8864,83,-994,minecraft:chest
-8863,85,-993,minecraft:chest
-8864,85,-993,minecraft:chest
-8862,83,-994,minecraft:chest
-8861,85,-993,minecraft:chest
-8862,85,-993,minecraft:chest
-8859,87,-994,minecraft:hopper
-8863,83,-994,minecraft:chest
-8863,81,-993,minecraft:chest
-8861,83,-994,minecraft:chest
-8864,81,-993,minecraft:chest
-8888,65,-988,minecraft:bed
-8883,67,-991,minecraft:sign
-8883,67,-992,minecraft:sign
-8886,65,-988,minecraft:bed
-8887,65,-987,minecraft:bed
-8882,65,-992,minecraft:hopper
-8883,65,-991,minecraft:hopper
-8888,65,-987,minecraft:bed
-8883,65,-992,minecraft:hopper
-8886,65,-987,minecraft:bed
-8887,65,-986,minecraft:bed
-8882,65,-991,minecraft:hopper
-8869,65,-986,minecraft:hopper
-8869,65,-984,minecraft:dispenser
-8869,63,-983,minecraft:hopper
-8867,86,-992,minecraft:hopper
-8865,63,-985,minecraft:comparator
-8867,63,-983,minecraft:hopper
-8868,86,-992,minecraft:hopper
-8868,63,-983,minecraft:hopper
-8870,63,-981,minecraft:dropper
-8865,86,-992,minecraft:hopper
-8866,65,-980,minecraft:banner
-8866,86,-992,minecraft:hopper
-8867,82,-992,minecraft:hopper
-8868,82,-992,minecraft:hopper
-8865,82,-992,minecraft:hopper
-8866,82,-992,minecraft:hopper
-8871,65,-986,minecraft:daylight_detector
-8869,64,-984,minecraft:dispenser
-8870,64,-984,minecraft:comparator
-8868,85,-992,minecraft:hopper
-8866,85,-992,minecraft:hopper
-8867,85,-992,minecraft:hopper
-8868,81,-992,minecraft:hopper
-8865,85,-992,minecraft:hopper
-8866,81,-992,minecraft:hopper
-8867,81,-992,minecraft:hopper
-8865,81,-992,minecraft:hopper
-8869,65,-985,minecraft:hopper
-8866,63,-984,minecraft:hopper
-8868,86,-991,minecraft:comparator
-8867,63,-984,minecraft:hopper
-8867,84,-992,minecraft:hopper
-8866,86,-991,minecraft:comparator
-8867,86,-991,minecraft:comparator
-8865,63,-984,minecraft:hopper
-8868,84,-992,minecraft:hopper
-8865,84,-992,minecraft:hopper
-8866,84,-992,minecraft:hopper
-8865,86,-991,minecraft:comparator
-8867,80,-992,minecraft:hopper
-8868,80,-992,minecraft:hopper
-8865,80,-992,minecraft:hopper
-8866,80,-992,minecraft:hopper
-8869,64,-985,minecraft:hopper
-8868,87,-992,minecraft:hopper
-8866,87,-992,minecraft:hopper
-8867,87,-992,minecraft:hopper
-8868,83,-992,minecraft:hopper
-8865,87,-992,minecraft:hopper
-8866,83,-992,minecraft:hopper
-8867,83,-992,minecraft:hopper
-8865,83,-992,minecraft:hopper
-8861,82,-992,minecraft:hopper
-8862,82,-992,minecraft:hopper
-8864,65,-990,minecraft:hopper
-8864,65,-988,minecraft:hopper
-8864,65,-986,minecraft:hopper
-8864,63,-985,minecraft:dropper
-8863,86,-992,minecraft:hopper
-8864,86,-992,minecraft:hopper
-8861,86,-992,minecraft:hopper
-8862,86,-992,minecraft:hopper
-8863,65,-980,minecraft:banner
-8863,82,-992,minecraft:hopper
-8864,82,-992,minecraft:hopper
-8862,81,-992,minecraft:hopper
-8863,81,-992,minecraft:hopper
-8861,81,-992,minecraft:hopper
-8864,65,-992,minecraft:hopper
-8864,85,-992,minecraft:hopper
-8862,85,-992,minecraft:hopper
-8863,85,-992,minecraft:hopper
-8864,81,-992,minecraft:hopper
-8861,85,-992,minecraft:hopper
-8863,80,-992,minecraft:hopper
-8864,80,-992,minecraft:hopper
-8861,80,-992,minecraft:hopper
-8862,80,-992,minecraft:hopper
-8864,65,-991,minecraft:hopper
-8864,65,-989,minecraft:hopper
-8864,65,-987,minecraft:hopper
-8864,65,-985,minecraft:hopper
-8864,63,-984,minecraft:hopper
-8864,86,-991,minecraft:comparator
-8862,86,-991,minecraft:comparator
-8863,84,-992,minecraft:hopper
-8864,84,-992,minecraft:hopper
-8863,86,-991,minecraft:comparator
-8861,84,-992,minecraft:hopper
-8862,84,-992,minecraft:hopper
-8861,86,-991,minecraft:comparator
-8861,83,-992,minecraft:hopper
-8864,64,-985,minecraft:hopper
-8864,87,-992,minecraft:hopper
-8862,87,-992,minecraft:hopper
-8863,87,-992,minecraft:hopper
-8860,87,-992,minecraft:hopper
-8864,83,-992,minecraft:hopper
-8861,87,-992,minecraft:hopper
-8862,83,-992,minecraft:hopper
-8859,87,-992,minecraft:hopper
-8863,83,-992,minecraft:hopper
-8897,62,-996,minecraft:hopper
-8897,63,-995,minecraft:hopper
-8897,62,-994,minecraft:comparator
-8897,62,-995,minecraft:comparator
-8898,62,-994,minecraft:daylight_detector
-8865,15,-1024,minecraft:chest
-8865,13,-1024,minecraft:chest
-8865,15,-1022,minecraft:chest
-8865,15,-1021,minecraft:chest
-8865,11,-1024,minecraft:chest
-8865,13,-1022,minecraft:chest
-8876,73,-1014,minecraft:hopper
-8865,13,-1021,minecraft:chest
-8865,11,-1022,minecraft:chest
-8876,71,-1014,minecraft:hopper
-8865,11,-1021,minecraft:chest
-8870,73,-1014,minecraft:hopper
-8870,71,-1014,minecraft:hopper
-8865,14,-1024,minecraft:chest
-8865,12,-1024,minecraft:chest
-8865,14,-1022,minecraft:chest
-8865,14,-1021,minecraft:chest
-8865,12,-1022,minecraft:chest
-8876,74,-1014,minecraft:hopper
-8865,12,-1021,minecraft:chest
-8865,10,-1022,minecraft:chest
-8876,72,-1014,minecraft:hopper
-8865,10,-1021,minecraft:chest
-8875,70,-1014,minecraft:hopper
-8876,70,-1014,minecraft:hopper
-8873,70,-1014,minecraft:hopper
-8874,70,-1014,minecraft:hopper
-8870,70,-1015,minecraft:comparator
-8871,70,-1014,minecraft:hopper
-8870,72,-1014,minecraft:hopper
-8872,70,-1014,minecraft:hopper
-8870,70,-1014,minecraft:dropper
-8865,14,-1025,minecraft:chest
-8865,13,-1025,minecraft:chest
-8865,12,-1025,minecraft:chest
-8865,11,-1025,minecraft:chest
-8865,15,-1025,minecraft:chest
-8890,74,-957,minecraft:enchanting_table
-8876,65,-958,minecraft:chest
-8875,67,-955,minecraft:chest
-8876,67,-955,minecraft:chest
-8874,65,-956,minecraft:chest
-8875,65,-956,minecraft:chest
-8874,67,-955,minecraft:chest
-8874,67,-953,minecraft:barrel
-8872,65,-954,minecraft:furnace
-8873,65,-954,minecraft:chest
-8871,67,-951,minecraft:skull
-8873,65,-952,minecraft:chest
-8872,63,-955,minecraft:bed
-8872,66,-949,minecraft:chest
-8872,64,-952,minecraft:chest
-8876,66,-957,minecraft:chest
-8876,68,-954,minecraft:chest
-8874,66,-955,minecraft:chest
-8875,66,-955,minecraft:chest
-8874,66,-953,minecraft:barrel
-8873,64,-956,minecraft:furnace
-8873,66,-955,minecraft:chest
-8873,66,-953,minecraft:chest
-8872,66,-951,minecraft:brewing_stand
-8873,66,-951,minecraft:chest
-8872,63,-952,minecraft:chest
-8872,67,-948,minecraft:chest
-8872,65,-951,minecraft:furnace
-8876,67,-956,minecraft:chest
-8875,65,-957,minecraft:chest
-8876,65,-957,minecraft:chest
-8874,67,-954,minecraft:barrel
-8873,65,-955,minecraft:chest
-8874,67,-952,minecraft:barrel
-8872,63,-958,minecraft:ender_chest
-8873,65,-953,minecraft:chest
-8872,63,-956,minecraft:bed
-8872,63,-954,minecraft:blast_furnace
-8876,68,-955,minecraft:chest
-8875,66,-956,minecraft:chest
-8876,66,-956,minecraft:chest
-8874,66,-956,minecraft:chest
-8873,66,-954,minecraft:chest
-8874,66,-954,minecraft:barrel
-8873,64,-957,minecraft:furnace
-8873,66,-952,minecraft:chest
-8874,66,-952,minecraft:barrel
-8872,64,-953,minecraft:chest
-8873,66,-950,minecraft:chest
-8872,67,-947,minecraft:chest
-8872,63,-953,minecraft:chest
-8821,5,-963,minecraft:comparator
-8819,5,-965,minecraft:comparator
-8820,5,-964,minecraft:hopper
-8820,5,-965,minecraft:dropper
-8820,5,-963,minecraft:hopper
-8851,7,-896,minecraft:comparator
-8855,5,-893,minecraft:hopper
-8854,5,-893,minecraft:hopper
-8855,5,-892,minecraft:dropper
-8853,7,-892,minecraft:comparator
-8854,5,-892,minecraft:hopper
-8855,5,-891,minecraft:comparator
-8709,21,-997,minecraft:mob_spawner
-8698,16,-1044,minecraft:chest
-8699,16,-1041,minecraft:mob_spawner
-8702,22,-1018,minecraft:mob_spawner
-9045,34,-973,minecraft:mob_spawner
4,29,9,minecraft:mob_spawner
-8698,48,-1167,minecraft:chest
837,73,2111,minecraft:sign
838,66,2111,minecraft:furnace
837,64,2105,minecraft:chest
836,64,2106,minecraft:sign
837,64,2106,minecraft:sign
837,66,2105,minecraft:chest
836,66,2106,minecraft:sign
835,64,2105,minecraft:chest
834,64,2106,minecraft:sign
837,66,2106,minecraft:sign
836,64,2105,minecraft:chest
835,64,2106,minecraft:sign
835,66,2105,minecraft:chest
837,68,2105,minecraft:chest
834,66,2106,minecraft:sign
836,68,2106,minecraft:sign
833,64,2105,minecraft:chest
832,64,2106,minecraft:sign
836,66,2105,minecraft:chest
835,66,2106,minecraft:sign
837,68,2106,minecraft:sign
834,64,2105,minecraft:chest
833,64,2106,minecraft:sign
833,66,2105,minecraft:chest
835,68,2105,minecraft:chest
834,68,2106,minecraft:sign
832,66,2106,minecraft:sign
834,66,2105,minecraft:chest
836,68,2105,minecraft:chest
835,68,2106,minecraft:sign
833,66,2106,minecraft:sign
837,72,2108,minecraft:jukebox
832,64,2105,minecraft:chest
833,68,2105,minecraft:chest
832,68,2106,minecraft:sign
832,66,2105,minecraft:chest
834,68,2105,minecraft:chest
833,68,2106,minecraft:sign
832,68,2105,minecraft:chest
838,65,2111,minecraft:furnace
837,65,2110,minecraft:furnace
836,65,2111,minecraft:furnace
837,65,2112,minecraft:furnace
837,66,2112,minecraft:furnace
829,66,2112,minecraft:chest
828,66,2112,minecraft:chest
831,64,2105,minecraft:chest
830,64,2106,minecraft:sign
831,64,2106,minecraft:sign
831,66,2105,minecraft:chest
830,66,2106,minecraft:sign
829,64,2105,minecraft:chest
831,66,2106,minecraft:sign
830,64,2105,minecraft:chest
829,64,2106,minecraft:sign
829,66,2105,minecraft:chest
831,68,2105,minecraft:chest
830,68,2106,minecraft:sign
828,66,2106,minecraft:sign
830,66,2105,minecraft:chest
831,68,2106,minecraft:sign
829,66,2106,minecraft:sign
828,64,2105,minecraft:chest
829,68,2105,minecraft:chest
828,68,2106,minecraft:sign
830,68,2105,minecraft:chest
829,68,2106,minecraft:sign
828,66,2105,minecraft:chest
828,68,2105,minecraft:chest
807,69,2109,minecraft:lectern
806,69,2110,minecraft:bed
807,69,2110,minecraft:bed
863,63,2066,minecraft:shulker_box
895,6,2069,minecraft:chest
894,6,2070,minecraft:chest
895,6,2070,minecraft:chest
895,6,2067,minecraft:chest
894,6,2068,minecraft:chest
895,7,2068,minecraft:chest
895,6,2068,minecraft:chest
894,6,2069,minecraft:chest
895,6,2065,minecraft:chest
894,6,2066,minecraft:chest
895,7,2066,minecraft:chest
894,7,2067,minecraft:chest
895,6,2066,minecraft:chest
894,6,2067,minecraft:chest
895,7,2067,minecraft:chest
894,7,2068,minecraft:chest
894,6,2064,minecraft:chest
895,7,2064,minecraft:chest
894,7,2065,minecraft:chest
895,6,2064,minecraft:chest
894,6,2065,minecraft:chest
895,7,2065,minecraft:chest
894,7,2066,minecraft:chest
894,7,2064,minecraft:chest
893,74,2087,minecraft:shulker_box
893,73,2084,minecraft:chest
861,69,2055,minecraft:shulker_box
863,64,2057,minecraft:chest
862,70,2058,minecraft:enchanting_table
863,69,2055,minecraft:chest
864,69,2055,minecraft:chest
890,65,2053,minecraft:chest
891,5,2056,minecraft:chest
891,65,2053,minecraft:chest
889,65,2053,minecraft:chest
889,71,2056,minecraft:hopper
894,7,2049,minecraft:chest
895,7,2049,minecraft:chest
892,75,2054,minecraft:furnace
895,6,2061,minecraft:chest
894,6,2061,minecraft:chest
893,64,2053,minecraft:chest
895,6,2057,minecraft:chest
894,64,2053,minecraft:chest
891,64,2053,minecraft:chest
892,64,2053,minecraft:chest
894,6,2057,minecraft:chest
891,66,2053,minecraft:chest
892,66,2053,minecraft:chest
891,64,2052,minecraft:hopper
892,72,2056,minecraft:furnace
889,66,2053,minecraft:chest
894,6,2052,minecraft:chest
890,66,2053,minecraft:chest
889,64,2052,minecraft:hopper
895,6,2052,minecraft:chest
894,6,2048,minecraft:chest
889,72,2056,minecraft:chest
895,6,2048,minecraft:chest
894,7,2061,minecraft:chest
895,7,2061,minecraft:chest
894,65,2053,minecraft:chest
892,65,2053,minecraft:chest
894,7,2057,minecraft:chest
893,65,2053,minecraft:chest
895,7,2057,minecraft:chest
892,67,2053,minecraft:chest
891,65,2052,minecraft:hopper
888,67,2057,minecraft:comparator
893,67,2053,minecraft:chest
894,7,2056,minecraft:chest
890,67,2053,minecraft:chest
889,65,2052,minecraft:hopper
895,7,2052,minecraft:chest
891,67,2053,minecraft:chest
892,73,2056,minecraft:furnace
889,67,2053,minecraft:chest
894,7,2052,minecraft:chest
895,7,2048,minecraft:chest
894,7,2048,minecraft:chest
894,6,2060,minecraft:chest
895,6,2060,minecraft:chest
893,66,2053,minecraft:chest
894,6,2056,minecraft:chest
894,66,2053,minecraft:chest
893,64,2052,minecraft:hopper
895,6,2056,minecraft:chest
893,66,2052,minecraft:hopper
894,6,2055,minecraft:chest
895,6,2051,minecraft:chest
891,66,2052,minecraft:hopper
892,74,2056,minecraft:furnace
889,68,2053,minecraft:hopper
892,72,2055,minecraft:bed
889,66,2052,minecraft:hopper
894,6,2051,minecraft:chest
889,72,2055,minecraft:chest
890,74,2056,minecraft:ender_chest
886,6,2055,minecraft:shulker_box
894,65,2060,minecraft:brewing_stand
895,7,2060,minecraft:chest
894,7,2060,minecraft:chest
894,67,2053,minecraft:chest
893,65,2052,minecraft:hopper
895,7,2056,minecraft:chest
893,67,2052,minecraft:hopper
894,7,2055,minecraft:chest
895,7,2055,minecraft:chest
891,67,2052,minecraft:hopper
888,67,2056,minecraft:dropper
889,67,2052,minecraft:hopper
894,7,2051,minecraft:chest
891,71,2054,minecraft:dropper
895,7,2051,minecraft:chest
892,75,2056,minecraft:furnace
895,6,2063,minecraft:chest
894,6,2063,minecraft:chest
895,6,2059,minecraft:chest
894,6,2059,minecraft:chest
895,6,2055,minecraft:chest
894,6,2054,minecraft:chest
895,6,2054,minecraft:chest
892,68,2052,minecraft:hopper
888,68,2056,minecraft:hopper
893,68,2052,minecraft:hopper
889,68,2056,minecraft:hopper
892,72,2054,minecraft:bed
890,68,2052,minecraft:hopper
894,6,2050,minecraft:chest
891,68,2052,minecraft:hopper
895,6,2050,minecraft:chest
892,74,2055,minecraft:furnace
889,68,2052,minecraft:hopper
894,7,2063,minecraft:chest
895,7,2063,minecraft:chest
894,7,2059,minecraft:chest
895,7,2059,minecraft:chest
895,7,2054,minecraft:chest
891,5,2057,minecraft:chest
889,69,2056,minecraft:hopper
895,11,2056,minecraft:hopper
894,7,2054,minecraft:chest
893,11,2056,minecraft:hopper
895,7,2050,minecraft:chest
894,11,2056,minecraft:hopper
892,75,2055,minecraft:furnace
891,11,2056,minecraft:hopper
892,11,2056,minecraft:hopper
894,7,2050,minecraft:chest
889,11,2056,minecraft:hopper
890,11,2056,minecraft:hopper
888,11,2056,minecraft:hopper
894,6,2058,minecraft:chest
895,6,2058,minecraft:chest
889,64,2053,minecraft:chest
890,64,2053,minecraft:chest
895,6,2049,minecraft:chest
889,70,2056,minecraft:hopper
892,74,2054,minecraft:furnace
894,6,2049,minecraft:chest
895,7,2058,minecraft:chest
894,7,2058,minecraft:chest
837,67,2057,minecraft:bell
837,67,2049,minecraft:bell
806,73,2049,minecraft:bed
805,73,2049,minecraft:bed
803,73,2048,minecraft:banner
810,69,2049,minecraft:bed
811,69,2049,minecraft:bed
810,73,2049,minecraft:bed
811,73,2049,minecraft:bed
805,69,2048,minecraft:bed
894,7,2047,minecraft:chest
895,7,2046,minecraft:chest
895,7,2047,minecraft:chest
894,7,2045,minecraft:chest
894,7,2046,minecraft:chest
895,7,2045,minecraft:chest
892,5,2042,minecraft:hopper
892,5,2041,minecraft:hopper
894,11,2045,minecraft:hopper
895,11,2045,minecraft:hopper
894,11,2042,minecraft:hopper
894,11,2041,minecraft:hopper
892,5,2040,minecraft:dropper
894,11,2044,minecraft:hopper
894,11,2043,minecraft:hopper
891,5,2040,minecraft:comparator
893,11,2039,minecraft:hopper
894,11,2040,minecraft:hopper
894,11,2039,minecraft:hopper
895,6,2047,minecraft:chest
895,6,2045,minecraft:chest
894,6,2046,minecraft:chest
895,6,2046,minecraft:chest
894,6,2047,minecraft:chest
894,6,2045,minecraft:chest
892,6,2042,minecraft:chest
890,72,2046,minecraft:bed
890,72,2044,minecraft:lectern
890,72,2045,minecraft:bed
891,6,2042,minecraft:chest
852,67,2045,minecraft:chest
851,68,2047,minecraft:furnace
851,69,2047,minecraft:furnace
805,69,2047,minecraft:bed
811,73,2047,minecraft:chest
897,75,2093,minecraft:enchanting_table
896,6,2070,minecraft:hopper
896,6,2068,minecraft:hopper
896,8,2070,minecraft:hopper
897,8,2069,minecraft:comparator
896,6,2069,minecraft:hopper
897,8,2070,minecraft:comparator
897,8,2067,minecraft:comparator
896,8,2068,minecraft:hopper
896,6,2066,minecraft:hopper
897,8,2068,minecraft:comparator
896,6,2067,minecraft:hopper
896,8,2069,minecraft:hopper
897,8,2065,minecraft:comparator
896,8,2066,minecraft:hopper
896,6,2064,minecraft:hopper
897,8,2066,minecraft:comparator
896,8,2067,minecraft:hopper
896,6,2065,minecraft:hopper
896,8,2064,minecraft:hopper
897,8,2064,minecraft:comparator
896,8,2065,minecraft:hopper
896,7,2069,minecraft:hopper
896,7,2070,minecraft:hopper
896,7,2067,minecraft:hopper
896,7,2068,minecraft:hopper
896,7,2065,minecraft:hopper
896,7,2066,minecraft:hopper
896,7,2064,minecraft:hopper
896,11,2055,minecraft:hopper
896,7,2051,minecraft:hopper
896,11,2053,minecraft:hopper
896,7,2049,minecraft:hopper
896,11,2051,minecraft:hopper
896,11,2049,minecraft:hopper
896,6,2063,minecraft:hopper
896,6,2061,minecraft:hopper
896,8,2060,minecraft:hopper
896,6,2059,minecraft:hopper
897,8,2060,minecraft:comparator
896,8,2058,minecraft:hopper
896,6,2057,minecraft:hopper
897,8,2058,minecraft:comparator
896,8,2056,minecraft:hopper
896,6,2055,minecraft:hopper
897,8,2056,minecraft:comparator
896,6,2052,minecraft:hopper
896,8,2055,minecraft:hopper
896,6,2050,minecraft:hopper
897,8,2051,minecraft:comparator
896,6,2048,minecraft:hopper
897,8,2049,minecraft:comparator
896,8,2051,minecraft:hopper
896,8,2049,minecraft:hopper
896,7,2063,minecraft:hopper
896,7,2061,minecraft:hopper
896,7,2059,minecraft:hopper
896,7,2057,minecraft:hopper
896,7,2055,minecraft:hopper
896,7,2054,minecraft:hopper
896,11,2056,minecraft:hopper
896,7,2052,minecraft:hopper
896,11,2054,minecraft:hopper
896,7,2050,minecraft:hopper
896,7,2048,minecraft:hopper
896,11,2052,minecraft:hopper
896,11,2050,minecraft:hopper
896,11,2048,minecraft:hopper
897,8,2063,minecraft:comparator
896,6,2060,minecraft:hopper
897,8,2061,minecraft:comparator
896,8,2063,minecraft:hopper
896,6,2058,minecraft:hopper
897,8,2059,minecraft:comparator
896,8,2061,minecraft:hopper
896,6,2056,minecraft:hopper
897,8,2057,minecraft:comparator
896,8,2059,minecraft:hopper
896,6,2054,minecraft:hopper
897,8,2055,minecraft:comparator
896,8,2057,minecraft:hopper
896,8,2054,minecraft:hopper
897,8,2054,minecraft:comparator
896,8,2052,minecraft:hopper
896,6,2051,minecraft:hopper
897,8,2052,minecraft:comparator
896,8,2050,minecraft:hopper
896,6,2049,minecraft:hopper
897,8,2050,minecraft:comparator
896,8,2048,minecraft:hopper
897,8,2048,minecraft:comparator
896,7,2060,minecraft:hopper
896,7,2058,minecraft:hopper
896,7,2056,minecraft:hopper
896,6,2046,minecraft:hopper
896,7,2047,minecraft:hopper
897,8,2047,minecraft:comparator
896,6,2047,minecraft:hopper
896,7,2045,minecraft:hopper
896,8,2046,minecraft:hopper
897,8,2045,minecraft:comparator
896,6,2045,minecraft:hopper
896,7,2046,minecraft:hopper
897,8,2046,minecraft:comparator
896,8,2047,minecraft:hopper
896,11,2047,minecraft:hopper
896,8,2045,minecraft:hopper
896,11,2045,minecraft:hopper
896,11,2046,minecraft:hopper
896,10,2045,minecraft:dropper
896,10,2044,minecraft:comparator
807,71,2025,minecraft:chest
807,71,2027,minecraft:furnace
829,65,2029,minecraft:skull
831,67,2029,minecraft:skull
828,65,2029,minecraft:skull
830,67,2029,minecraft:skull
831,65,2029,minecraft:skull
830,65,2029,minecraft:skull
825,65,2029,minecraft:skull
827,67,2029,minecraft:skull
824,65,2029,minecraft:skull
826,67,2029,minecraft:skull
827,65,2029,minecraft:skull
829,67,2029,minecraft:skull
826,65,2029,minecraft:skull
828,67,2029,minecraft:skull
821,65,2029,minecraft:skull
823,67,2029,minecraft:skull
822,67,2029,minecraft:skull
823,65,2029,minecraft:skull
825,67,2029,minecraft:skull
822,65,2029,minecraft:skull
824,67,2029,minecraft:skull
821,67,2029,minecraft:skull
830,66,2029,minecraft:skull
829,66,2029,minecraft:skull
831,66,2029,minecraft:skull
826,66,2029,minecraft:skull
825,66,2029,minecraft:skull
828,66,2029,minecraft:skull
827,66,2029,minecraft:skull
822,66,2029,minecraft:skull
821,66,2029,minecraft:skull
824,66,2029,minecraft:skull
823,66,2029,minecraft:skull
833,65,2029,minecraft:skull
832,65,2029,minecraft:skull
833,66,2029,minecraft:skull
834,65,2029,minecraft:skull
832,66,2029,minecraft:skull
833,67,2029,minecraft:skull
832,67,2029,minecraft:skull
743,17,2086,minecraft:mob_spawner
741,17,2089,minecraft:chest
740,34,1972,minecraft:mob_spawner
733,38,1885,minecraft:mob_spawner
1066,63,2129,minecraft:chest
1065,63,2129,minecraft:chest
751,40,1865,minecraft:mob_spawner
868,49,1862,minecraft:chest
-8716,49,-1170,minecraft:chest
-8701,48,-1179,minecraft:chest
-8732,38,-1185,minecraft:chest
-8735,32,-1196,minecraft:chest
-8713,46,-1200,minecraft:chest
-8692,42,-1196,minecraft:chest
-9010,16,-1216,minecraft:mob_spawner
-8687,21,-1039,minecraft:mob_spawner
-8657,25,-1046,minecraft:mob_spawner
-8669,23,-972,minecraft:mob_spawner
656,24,-614,minecraft:chest
808,78,-718,minecraft:chest
808,78,-719,minecraft:chest
812,70,-690,minecraft:skull
810,71,-690,minecraft:skull
811,70,-690,minecraft:skull
812,71,-690,minecraft:skull
811,68,-692,minecraft:skull
811,69,-691,minecraft:skull
810,70,-690,minecraft:skull
811,71,-690,minecraft:skull
832,7,-643,minecraft:sign
832,6,-643,minecraft:sign
832,8,-641,minecraft:sign
832,8,-643,minecraft:sign
839,4,-641,minecraft:chest
840,4,-641,minecraft:chest
832,7,-641,minecraft:sign
832,6,-641,minecraft:sign
720,18,-800,minecraft:comparator
721,18,-800,minecraft:comparator
726,18,-800,minecraft:comparator
727,18,-800,minecraft:comparator
728,18,-800,minecraft:comparator
729,18,-800,minecraft:comparator
722,18,-800,minecraft:comparator
723,18,-800,minecraft:comparator
724,18,-800,minecraft:comparator
725,18,-800,minecraft:comparator
734,18,-800,minecraft:comparator
735,18,-800,minecraft:comparator
730,18,-800,minecraft:comparator
731,18,-800,minecraft:comparator
732,18,-800,minecraft:comparator
733,18,-800,minecraft:comparator
718,18,-800,minecraft:comparator
719,18,-800,minecraft:comparator
714,18,-800,minecraft:comparator
715,18,-800,minecraft:comparator
716,18,-800,minecraft:comparator
717,18,-800,minecraft:comparator
654,24,-614,minecraft:mob_spawner
652,24,-616,minecraft:chest
831,12,-813,minecraft:campfire
763,20,-816,minecraft:bed
756,15,-814,minecraft:brewing_stand
753,21,-812,minecraft:sign
753,21,-811,minecraft:sign
753,20,-801,minecraft:chest
752,19,-801,minecraft:chest
753,19,-801,minecraft:chest
754,14,-805,minecraft:furnace
752,15,-802,minecraft:hopper
754,15,-804,minecraft:furnace
764,20,-816,minecraft:bed
752,20,-801,minecraft:chest
763,16,-816,minecraft:skull
753,15,-802,minecraft:hopper
752,14,-802,minecraft:chest
754,14,-804,minecraft:furnace
753,14,-802,minecraft:chest
753,13,-802,minecraft:hopper
753,13,-801,minecraft:hopper
766,14,-805,minecraft:shulker_box
748,14,-810,minecraft:chest
740,14,-802,minecraft:hopper
749,14,-810,minecraft:chest
741,14,-802,minecraft:hopper
750,14,-810,minecraft:chest
742,14,-802,minecraft:hopper
743,14,-802,minecraft:hopper
744,14,-810,minecraft:chest
736,14,-802,minecraft:hopper
745,14,-810,minecraft:chest
737,14,-802,minecraft:hopper
746,14,-810,minecraft:chest
738,14,-802,minecraft:hopper
747,14,-810,minecraft:chest
739,14,-802,minecraft:hopper
748,14,-802,minecraft:hopper
749,14,-802,minecraft:hopper
750,14,-802,minecraft:hopper
744,14,-802,minecraft:hopper
745,14,-802,minecraft:hopper
746,14,-802,minecraft:hopper
747,14,-802,minecraft:hopper
736,16,-809,minecraft:chest
740,14,-810,minecraft:chest
741,14,-810,minecraft:chest
742,14,-810,minecraft:chest
743,14,-810,minecraft:chest
736,14,-810,minecraft:chest
737,16,-809,minecraft:chest
737,14,-810,minecraft:chest
738,16,-809,minecraft:chest
738,14,-810,minecraft:chest
739,16,-809,minecraft:chest
739,14,-810,minecraft:chest
736,15,-809,minecraft:chest
737,15,-809,minecraft:chest
747,14,-809,minecraft:chest
748,14,-809,minecraft:chest
749,14,-809,minecraft:chest
750,14,-809,minecraft:chest
743,14,-809,minecraft:chest
744,14,-809,minecraft:chest
745,14,-809,minecraft:chest
746,14,-809,minecraft:chest
739,14,-809,minecraft:chest
740,14,-809,minecraft:chest
741,14,-809,minecraft:chest
742,14,-809,minecraft:chest
736,14,-809,minecraft:chest
737,14,-809,minecraft:chest
738,14,-809,minecraft:chest
739,18,-813,minecraft:comparator
740,18,-813,minecraft:comparator
741,18,-813,minecraft:comparator
742,18,-813,minecraft:comparator
736,18,-813,minecraft:comparator
737,18,-813,minecraft:comparator
738,18,-813,minecraft:comparator
747,18,-813,minecraft:comparator
748,18,-813,minecraft:comparator
749,18,-813,minecraft:comparator
750,18,-813,minecraft:comparator
743,18,-813,minecraft:comparator
744,18,-813,minecraft:comparator
745,18,-813,minecraft:comparator
746,18,-813,minecraft:comparator
750,18,-812,minecraft:hopper
738,18,-812,minecraft:hopper
739,18,-812,minecraft:hopper
740,18,-812,minecraft:hopper
741,18,-812,minecraft:hopper
736,18,-812,minecraft:hopper
737,18,-812,minecraft:hopper
746,18,-812,minecraft:hopper
747,18,-812,minecraft:hopper
748,18,-812,minecraft:hopper
749,18,-812,minecraft:hopper
742,18,-812,minecraft:hopper
743,18,-812,minecraft:hopper
744,18,-812,minecraft:hopper
745,18,-812,minecraft:hopper
749,17,-812,minecraft:hopper
750,17,-812,minecraft:hopper
737,17,-812,minecraft:hopper
738,17,-812,minecraft:hopper
739,17,-812,minecraft:hopper
740,17,-812,minecraft:hopper
736,17,-812,minecraft:hopper
745,17,-812,minecraft:hopper
746,17,-812,minecraft:hopper
747,17,-812,minecraft:hopper
748,17,-812,minecraft:hopper
741,17,-812,minecraft:hopper
742,17,-812,minecraft:hopper
743,17,-812,minecraft:hopper
744,17,-812,minecraft:hopper
744,16,-804,minecraft:chest
745,16,-804,minecraft:chest
746,16,-804,minecraft:chest
747,16,-804,minecraft:chest
743,16,-804,minecraft:chest
748,16,-804,minecraft:chest
749,16,-804,minecraft:chest
750,16,-804,minecraft:chest
736,16,-804,minecraft:chest
737,16,-804,minecraft:chest
743,15,-804,minecraft:chest
744,15,-804,minecraft:chest
745,15,-804,minecraft:chest
746,15,-804,minecraft:chest
748,17,-811,minecraft:chest
749,17,-811,minecraft:chest
750,17,-811,minecraft:chest
747,15,-804,minecraft:chest
748,15,-804,minecraft:chest
749,15,-804,minecraft:chest
750,15,-804,minecraft:chest
736,17,-811,minecraft:chest
737,17,-811,minecraft:chest
738,17,-811,minecraft:chest
739,17,-811,minecraft:chest
744,17,-811,minecraft:chest
736,15,-804,minecraft:chest
745,17,-811,minecraft:chest
746,17,-811,minecraft:chest
737,15,-804,minecraft:chest
747,17,-811,minecraft:chest
740,17,-811,minecraft:chest
741,17,-811,minecraft:chest
742,17,-811,minecraft:chest
743,17,-811,minecraft:chest
743,16,-803,minecraft:chest
742,14,-804,minecraft:chest
744,16,-803,minecraft:chest
743,14,-804,minecraft:chest
745,16,-803,minecraft:chest
744,14,-804,minecraft:chest
746,16,-803,minecraft:chest
745,14,-804,minecraft:chest
739,16,-803,minecraft:chest
747,16,-811,minecraft:hopper
738,14,-804,minecraft:chest
740,16,-803,minecraft:chest
748,16,-811,minecraft:hopper
739,14,-804,minecraft:chest
741,16,-803,minecraft:chest
749,16,-811,minecraft:hopper
740,14,-804,minecraft:chest
742,16,-803,minecraft:chest
750,16,-811,minecraft:hopper
741,14,-804,minecraft:chest
750,14,-804,minecraft:chest
747,16,-803,minecraft:chest
746,14,-804,minecraft:chest
748,16,-803,minecraft:chest
747,14,-804,minecraft:chest
749,16,-803,minecraft:chest
748,14,-804,minecraft:chest
750,16,-803,minecraft:chest
749,14,-804,minecraft:chest
736,16,-811,minecraft:hopper
737,16,-811,minecraft:hopper
738,16,-811,minecraft:hopper
743,16,-811,minecraft:hopper
736,16,-803,minecraft:chest
744,16,-811,minecraft:hopper
737,16,-803,minecraft:chest
736,14,-804,minecraft:chest
745,16,-811,minecraft:hopper
738,16,-803,minecraft:chest
746,16,-811,minecraft:hopper
737,14,-804,minecraft:chest
739,16,-811,minecraft:hopper
740,16,-811,minecraft:hopper
741,16,-811,minecraft:hopper
742,16,-811,minecraft:hopper
743,17,-802,minecraft:chest
742,15,-803,minecraft:chest
750,15,-811,minecraft:hopper
744,17,-802,minecraft:chest
743,15,-803,minecraft:chest
745,17,-802,minecraft:chest
744,15,-803,minecraft:chest
746,17,-802,minecraft:chest
745,15,-803,minecraft:chest
739,17,-802,minecraft:chest
738,15,-803,minecraft:chest
746,15,-811,minecraft:hopper
740,17,-802,minecraft:chest
739,15,-803,minecraft:chest
747,15,-811,minecraft:hopper
741,17,-802,minecraft:chest
740,15,-803,minecraft:chest
748,15,-811,minecraft:hopper
742,17,-802,minecraft:chest
741,15,-803,minecraft:chest
749,15,-811,minecraft:hopper
750,15,-803,minecraft:chest
747,17,-802,minecraft:chest
746,15,-803,minecraft:chest
747,15,-803,minecraft:chest
748,17,-802,minecraft:chest
748,15,-803,minecraft:chest
749,17,-802,minecraft:chest
749,15,-803,minecraft:chest
750,17,-802,minecraft:chest
736,15,-811,minecraft:hopper
737,15,-811,minecraft:hopper
742,15,-811,minecraft:hopper
736,17,-802,minecraft:chest
743,15,-811,minecraft:hopper
737,17,-802,minecraft:chest
736,15,-803,minecraft:chest
744,15,-811,minecraft:hopper
738,17,-802,minecraft:chest
737,15,-803,minecraft:chest
745,15,-811,minecraft:hopper
738,15,-811,minecraft:hopper
739,15,-811,minecraft:hopper
740,15,-811,minecraft:hopper
741,15,-811,minecraft:hopper
743,18,-801,minecraft:hopper
741,14,-803,minecraft:chest
742,16,-802,minecraft:hopper
750,16,-810,minecraft:chest
749,14,-811,minecraft:hopper
744,18,-801,minecraft:hopper
742,14,-803,minecraft:chest
743,16,-802,minecraft:hopper
750,14,-811,minecraft:hopper
745,18,-801,minecraft:hopper
743,14,-803,minecraft:chest
744,16,-802,minecraft:hopper
746,18,-801,minecraft:hopper
744,14,-803,minecraft:chest
745,16,-802,minecraft:hopper
739,18,-801,minecraft:hopper
737,14,-803,minecraft:chest
738,16,-802,minecraft:hopper
746,16,-810,minecraft:chest
745,14,-811,minecraft:hopper
740,18,-801,minecraft:hopper
738,14,-803,minecraft:chest
739,16,-802,minecraft:hopper
747,16,-810,minecraft:chest
746,14,-811,minecraft:hopper
741,18,-801,minecraft:hopper
739,14,-803,minecraft:chest
740,16,-802,minecraft:hopper
748,16,-810,minecraft:chest
747,14,-811,minecraft:hopper
742,18,-801,minecraft:hopper
740,14,-803,minecraft:chest
741,16,-802,minecraft:hopper
749,16,-810,minecraft:chest
748,14,-811,minecraft:hopper
749,14,-803,minecraft:chest
750,16,-802,minecraft:hopper
750,14,-803,minecraft:chest
747,18,-801,minecraft:hopper
745,14,-803,minecraft:chest
746,16,-802,minecraft:hopper
747,16,-802,minecraft:hopper
748,18,-801,minecraft:hopper
746,14,-803,minecraft:chest
747,14,-803,minecraft:chest
748,16,-802,minecraft:hopper
749,18,-801,minecraft:hopper
748,14,-803,minecraft:chest
749,16,-802,minecraft:hopper
750,18,-801,minecraft:hopper
736,16,-810,minecraft:chest
737,16,-810,minecraft:chest
736,14,-811,minecraft:hopper
742,16,-810,minecraft:chest
741,14,-811,minecraft:hopper
736,18,-801,minecraft:hopper
743,16,-810,minecraft:chest
742,14,-811,minecraft:hopper
737,18,-801,minecraft:hopper
736,16,-802,minecraft:hopper
744,16,-810,minecraft:chest
743,14,-811,minecraft:hopper
738,18,-801,minecraft:hopper
736,14,-803,minecraft:chest
737,16,-802,minecraft:hopper
745,16,-810,minecraft:chest
744,14,-811,minecraft:hopper
738,16,-810,minecraft:chest
737,14,-811,minecraft:hopper
739,16,-810,minecraft:chest
738,14,-811,minecraft:hopper
740,16,-810,minecraft:chest
739,14,-811,minecraft:hopper
741,16,-810,minecraft:chest
740,14,-811,minecraft:hopper
742,17,-801,minecraft:hopper
741,15,-802,minecraft:hopper
749,15,-810,minecraft:chest
743,17,-801,minecraft:hopper
742,15,-802,minecraft:hopper
750,15,-810,minecraft:chest
744,17,-801,minecraft:hopper
743,15,-802,minecraft:hopper
745,17,-801,minecraft:hopper
744,15,-802,minecraft:hopper
738,17,-801,minecraft:hopper
737,15,-802,minecraft:hopper
745,15,-810,minecraft:chest
739,17,-801,minecraft:hopper
738,15,-802,minecraft:hopper
746,15,-810,minecraft:chest
740,17,-801,minecraft:hopper
739,15,-802,minecraft:hopper
747,15,-810,minecraft:chest
741,17,-801,minecraft:hopper
740,15,-802,minecraft:hopper
748,15,-810,minecraft:chest
750,17,-801,minecraft:hopper
749,15,-802,minecraft:hopper
750,15,-802,minecraft:hopper
746,17,-801,minecraft:hopper
745,15,-802,minecraft:hopper
747,17,-801,minecraft:hopper
746,15,-802,minecraft:hopper
748,17,-801,minecraft:hopper
747,15,-802,minecraft:hopper
749,17,-801,minecraft:hopper
748,15,-802,minecraft:hopper
736,15,-810,minecraft:chest
741,15,-810,minecraft:chest
742,15,-810,minecraft:chest
736,17,-801,minecraft:hopper
743,15,-810,minecraft:chest
737,17,-801,minecraft:hopper
736,15,-802,minecraft:hopper
744,15,-810,minecraft:chest
737,15,-810,minecraft:chest
738,15,-810,minecraft:chest
739,15,-810,minecraft:chest
740,15,-810,minecraft:chest
720,15,-810,minecraft:chest
725,15,-810,minecraft:chest
726,15,-810,minecraft:chest
727,15,-810,minecraft:chest
720,17,-801,minecraft:hopper
728,15,-810,minecraft:chest
721,17,-801,minecraft:hopper
720,15,-802,minecraft:hopper
721,15,-810,minecraft:chest
722,15,-810,minecraft:chest
723,15,-810,minecraft:chest
724,15,-810,minecraft:chest
732,14,-810,minecraft:chest
724,14,-802,minecraft:hopper
733,14,-810,minecraft:chest
725,14,-802,minecraft:hopper
735,16,-809,minecraft:chest
734,14,-810,minecraft:chest
726,14,-802,minecraft:hopper
735,14,-810,minecraft:chest
727,14,-802,minecraft:hopper
720,14,-802,minecraft:hopper
728,14,-810,minecraft:chest
721,14,-802,minecraft:hopper
729,14,-810,minecraft:chest
730,14,-810,minecraft:chest
722,14,-802,minecraft:hopper
731,14,-810,minecraft:chest
723,14,-802,minecraft:hopper
732,14,-802,minecraft:hopper
733,14,-802,minecraft:hopper
734,14,-802,minecraft:hopper
735,14,-802,minecraft:hopper
728,14,-802,minecraft:hopper
729,14,-802,minecraft:hopper
730,14,-802,minecraft:hopper
731,14,-802,minecraft:hopper
724,14,-810,minecraft:chest
725,14,-810,minecraft:chest
726,14,-810,minecraft:chest
727,14,-810,minecraft:chest
720,14,-810,minecraft:chest
721,14,-810,minecraft:chest
722,14,-810,minecraft:chest
723,14,-810,minecraft:chest
732,15,-809,minecraft:chest
733,15,-809,minecraft:chest
734,15,-809,minecraft:chest
735,15,-809,minecraft:chest
731,14,-809,minecraft:chest
732,14,-809,minecraft:chest
733,14,-809,minecraft:chest
734,14,-809,minecraft:chest
727,14,-809,minecraft:chest
728,14,-809,minecraft:chest
729,14,-809,minecraft:chest
730,14,-809,minecraft:chest
735,14,-809,minecraft:chest
723,14,-809,minecraft:chest
724,14,-809,minecraft:chest
725,14,-809,minecraft:chest
726,14,-809,minecraft:chest
720,14,-809,minecraft:chest
721,14,-809,minecraft:chest
722,14,-809,minecraft:chest
735,18,-813,minecraft:comparator
723,18,-813,minecraft:comparator
724,18,-813,minecraft:comparator
725,18,-813,minecraft:comparator
726,18,-813,minecraft:comparator
720,18,-813,minecraft:comparator
721,18,-813,minecraft:comparator
722,18,-813,minecraft:comparator
731,18,-813,minecraft:comparator
732,18,-813,minecraft:comparator
733,18,-813,minecraft:comparator
734,18,-813,minecraft:comparator
727,18,-813,minecraft:comparator
728,18,-813,minecraft:comparator
729,18,-813,minecraft:comparator
730,18,-813,minecraft:comparator
734,18,-812,minecraft:hopper
735,18,-812,minecraft:hopper
722,18,-812,minecraft:hopper
723,18,-812,minecraft:hopper
724,18,-812,minecraft:hopper
725,18,-812,minecraft:hopper
720,18,-812,minecraft:hopper
721,18,-812,minecraft:hopper
730,18,-812,minecraft:hopper
731,18,-812,minecraft:hopper
732,18,-812,minecraft:hopper
733,18,-812,minecraft:hopper
726,18,-812,minecraft:hopper
727,18,-812,minecraft:hopper
728,18,-812,minecraft:hopper
729,18,-812,minecraft:hopper
733,17,-812,minecraft:hopper
734,17,-812,minecraft:hopper
735,17,-812,minecraft:hopper
721,17,-812,minecraft:hopper
722,17,-812,minecraft:hopper
723,17,-812,minecraft:hopper
724,17,-812,minecraft:hopper
720,17,-812,minecraft:hopper
729,17,-812,minecraft:hopper
730,17,-812,minecraft:hopper
731,17,-812,minecraft:hopper
732,17,-812,minecraft:hopper
725,17,-812,minecraft:hopper
726,17,-812,minecraft:hopper
727,17,-812,minecraft:hopper
728,17,-812,minecraft:hopper
735,16,-804,minecraft:chest
732,17,-811,minecraft:chest
733,17,-811,minecraft:chest
734,17,-811,minecraft:chest
735,17,-811,minecraft:chest
735,15,-804,minecraft:chest
720,17,-811,minecraft:chest
721,17,-811,minecraft:chest
722,17,-811,minecraft:chest
723,17,-811,minecraft:chest
728,17,-811,minecraft:chest
729,17,-811,minecraft:chest
730,17,-811,minecraft:chest
731,17,-811,minecraft:chest
724,17,-811,minecraft:chest
725,17,-811,minecraft:chest
726,17,-811,minecraft:chest
727,17,-811,minecraft:chest
735,16,-811,minecraft:hopper
726,14,-804,minecraft:chest
727,16,-803,minecraft:chest
727,14,-804,minecraft:chest
728,16,-803,minecraft:chest
728,14,-804,minecraft:chest
729,16,-803,minecraft:chest
729,14,-804,minecraft:chest
730,16,-803,minecraft:chest
722,14,-804,minecraft:chest
723,16,-803,minecraft:chest
731,16,-811,minecraft:hopper
723,14,-804,minecraft:chest
724,16,-803,minecraft:chest
732,16,-811,minecraft:hopper
724,14,-804,minecraft:chest
725,16,-803,minecraft:chest
733,16,-811,minecraft:hopper
725,14,-804,minecraft:chest
726,16,-803,minecraft:chest
734,16,-811,minecraft:hopper
735,16,-803,minecraft:chest
734,14,-804,minecraft:chest
735,14,-804,minecraft:chest
730,14,-804,minecraft:chest
731,16,-803,minecraft:chest
731,14,-804,minecraft:chest
732,16,-803,minecraft:chest
732,14,-804,minecraft:chest
733,16,-803,minecraft:chest
733,14,-804,minecraft:chest
734,16,-803,minecraft:chest
720,16,-811,minecraft:hopper
721,16,-811,minecraft:hopper
722,16,-811,minecraft:hopper
727,16,-811,minecraft:hopper
720,16,-803,minecraft:chest
728,16,-811,minecraft:hopper
720,14,-804,minecraft:chest
721,16,-803,minecraft:chest
729,16,-811,minecraft:hopper
721,14,-804,minecraft:chest
722,16,-803,minecraft:chest
730,16,-811,minecraft:hopper
723,16,-811,minecraft:hopper
724,16,-811,minecraft:hopper
725,16,-811,minecraft:hopper
726,16,-811,minecraft:hopper
727,17,-802,minecraft:chest
726,15,-803,minecraft:chest
734,15,-811,minecraft:hopper
735,15,-811,minecraft:hopper
728,17,-802,minecraft:chest
727,15,-803,minecraft:chest
729,17,-802,minecraft:chest
728,15,-803,minecraft:chest
730,17,-802,minecraft:chest
729,15,-803,minecraft:chest
723,17,-802,minecraft:chest
722,15,-803,minecraft:chest
730,15,-811,minecraft:hopper
724,17,-802,minecraft:chest
723,15,-803,minecraft:chest
731,15,-811,minecraft:hopper
725,17,-802,minecraft:chest
724,15,-803,minecraft:chest
732,15,-811,minecraft:hopper
726,17,-802,minecraft:chest
725,15,-803,minecraft:chest
733,15,-811,minecraft:hopper
735,17,-802,minecraft:chest
734,15,-803,minecraft:chest
735,15,-803,minecraft:chest
731,17,-802,minecraft:chest
730,15,-803,minecraft:chest
732,17,-802,minecraft:chest
731,15,-803,minecraft:chest
733,17,-802,minecraft:chest
732,15,-803,minecraft:chest
734,17,-802,minecraft:chest
733,15,-803,minecraft:chest
720,15,-811,minecraft:hopper
721,15,-811,minecraft:hopper
726,15,-811,minecraft:hopper
720,17,-802,minecraft:chest
727,15,-811,minecraft:hopper
721,17,-802,minecraft:chest
720,15,-803,minecraft:chest
728,15,-811,minecraft:hopper
722,17,-802,minecraft:chest
721,15,-803,minecraft:chest
729,15,-811,minecraft:hopper
722,15,-811,minecraft:hopper
723,15,-811,minecraft:hopper
724,15,-811,minecraft:hopper
725,15,-811,minecraft:hopper
734,16,-810,minecraft:chest
727,18,-801,minecraft:hopper
725,14,-803,minecraft:chest
726,16,-802,minecraft:hopper
733,14,-811,minecraft:hopper
735,16,-810,minecraft:chest
728,18,-801,minecraft:hopper
726,14,-803,minecraft:chest
727,16,-802,minecraft:hopper
734,14,-811,minecraft:hopper
735,14,-811,minecraft:hopper
729,18,-801,minecraft:hopper
727,14,-803,minecraft:chest
728,16,-802,minecraft:hopper
730,18,-801,minecraft:hopper
728,14,-803,minecraft:chest
729,16,-802,minecraft:hopper
730,16,-810,minecraft:chest
723,18,-801,minecraft:hopper
721,14,-803,minecraft:chest
722,16,-802,minecraft:hopper
729,14,-811,minecraft:hopper
731,16,-810,minecraft:chest
724,18,-801,minecraft:hopper
722,14,-803,minecraft:chest
723,16,-802,minecraft:hopper
730,14,-811,minecraft:hopper
732,16,-810,minecraft:chest
725,18,-801,minecraft:hopper
723,14,-803,minecraft:chest
724,16,-802,minecraft:hopper
731,14,-811,minecraft:hopper
733,16,-810,minecraft:chest
726,18,-801,minecraft:hopper
724,14,-803,minecraft:chest
725,16,-802,minecraft:hopper
732,14,-811,minecraft:hopper
735,18,-801,minecraft:hopper
733,14,-803,minecraft:chest
734,16,-802,minecraft:hopper
735,16,-802,minecraft:hopper
734,14,-803,minecraft:chest
735,14,-803,minecraft:chest
731,18,-801,minecraft:hopper
729,14,-803,minecraft:chest
730,16,-802,minecraft:hopper
730,14,-803,minecraft:chest
731,16,-802,minecraft:hopper
732,18,-801,minecraft:hopper
733,18,-801,minecraft:hopper
731,14,-803,minecraft:chest
732,16,-802,minecraft:hopper
732,14,-803,minecraft:chest
733,16,-802,minecraft:hopper
734,18,-801,minecraft:hopper
720,16,-810,minecraft:chest
721,16,-810,minecraft:chest
720,14,-811,minecraft:hopper
726,16,-810,minecraft:chest
725,14,-811,minecraft:hopper
727,16,-810,minecraft:chest
726,14,-811,minecraft:hopper
720,18,-801,minecraft:hopper
728,16,-810,minecraft:chest
721,18,-801,minecraft:hopper
720,16,-802,minecraft:hopper
727,14,-811,minecraft:hopper
729,16,-810,minecraft:chest
722,18,-801,minecraft:hopper
720,14,-803,minecraft:chest
721,16,-802,minecraft:hopper
728,14,-811,minecraft:hopper
722,16,-810,minecraft:chest
721,14,-811,minecraft:hopper
723,16,-810,minecraft:chest
722,14,-811,minecraft:hopper
724,16,-810,minecraft:chest
723,14,-811,minecraft:hopper
725,16,-810,minecraft:chest
724,14,-811,minecraft:hopper
733,15,-810,minecraft:chest
726,17,-801,minecraft:hopper
725,15,-802,minecraft:hopper
734,15,-810,minecraft:chest
727,17,-801,minecraft:hopper
726,15,-802,minecraft:hopper
735,15,-810,minecraft:chest
728,17,-801,minecraft:hopper
727,15,-802,minecraft:hopper
729,17,-801,minecraft:hopper
728,15,-802,minecraft:hopper
729,15,-810,minecraft:chest
722,17,-801,minecraft:hopper
721,15,-802,minecraft:hopper
730,15,-810,minecraft:chest
723,17,-801,minecraft:hopper
722,15,-802,minecraft:hopper
731,15,-810,minecraft:chest
724,17,-801,minecraft:hopper
723,15,-802,minecraft:hopper
732,15,-810,minecraft:chest
725,17,-801,minecraft:hopper
724,15,-802,minecraft:hopper
734,17,-801,minecraft:hopper
733,15,-802,minecraft:hopper
735,17,-801,minecraft:hopper
734,15,-802,minecraft:hopper
735,15,-802,minecraft:hopper
730,17,-801,minecraft:hopper
729,15,-802,minecraft:hopper
731,17,-801,minecraft:hopper
730,15,-802,minecraft:hopper
732,17,-801,minecraft:hopper
731,15,-802,minecraft:hopper
733,17,-801,minecraft:hopper
732,15,-802,minecraft:hopper
717,15,-810,minecraft:chest
718,15,-810,minecraft:chest
719,15,-810,minecraft:chest
713,15,-810,minecraft:chest
714,15,-810,minecraft:chest
715,15,-810,minecraft:chest
716,15,-810,minecraft:chest
718,17,-801,minecraft:hopper
717,15,-802,minecraft:hopper
719,17,-801,minecraft:hopper
718,15,-802,minecraft:hopper
719,15,-802,minecraft:hopper
714,17,-801,minecraft:hopper
715,17,-801,minecraft:hopper
714,15,-802,minecraft:hopper
716,17,-801,minecraft:hopper
715,15,-802,minecraft:hopper
717,17,-801,minecraft:hopper
716,15,-802,minecraft:hopper
710,19,-812,minecraft:chest
711,15,-810,minecraft:chest
712,15,-810,minecraft:chest
711,19,-812,minecraft:chest
716,14,-810,minecraft:chest
717,14,-810,minecraft:chest
718,14,-810,minecraft:chest
719,14,-810,minecraft:chest
718,18,-812,minecraft:hopper
712,14,-810,minecraft:chest
719,18,-812,minecraft:hopper
713,14,-810,minecraft:chest
714,14,-810,minecraft:chest
715,14,-810,minecraft:chest
716,14,-802,minecraft:hopper
717,14,-802,minecraft:hopper
718,14,-802,minecraft:hopper
719,14,-802,minecraft:hopper
714,14,-802,minecraft:hopper
715,14,-802,minecraft:hopper
714,18,-812,minecraft:hopper
715,18,-812,minecraft:hopper
716,18,-812,minecraft:hopper
717,18,-812,minecraft:hopper
711,14,-810,minecraft:chest
711,18,-812,minecraft:hopper
712,18,-812,minecraft:hopper
713,18,-812,minecraft:hopper
717,17,-812,minecraft:hopper
718,17,-812,minecraft:hopper
719,17,-812,minecraft:hopper
713,17,-812,minecraft:hopper
714,17,-812,minecraft:hopper
715,17,-812,minecraft:hopper
716,17,-812,minecraft:hopper
709,19,-803,minecraft:chest
711,17,-812,minecraft:hopper
712,17,-812,minecraft:hopper
715,14,-809,minecraft:chest
716,14,-809,minecraft:chest
717,14,-809,minecraft:chest
718,14,-809,minecraft:chest
711,14,-809,minecraft:chest
712,14,-809,minecraft:chest
713,14,-809,minecraft:chest
714,14,-809,minecraft:chest
719,14,-809,minecraft:chest
713,13,-805,minecraft:shulker_box
716,17,-811,minecraft:chest
709,19,-802,minecraft:chest
717,17,-811,minecraft:chest
718,17,-811,minecraft:chest
719,17,-811,minecraft:chest
712,17,-811,minecraft:chest
713,17,-811,minecraft:chest
714,17,-811,minecraft:chest
715,17,-811,minecraft:chest
711,17,-811,minecraft:chest
711,16,-803,minecraft:chest
719,16,-811,minecraft:hopper
711,14,-804,minecraft:chest
712,16,-803,minecraft:chest
712,14,-804,minecraft:chest
713,16,-803,minecraft:chest
713,14,-804,minecraft:chest
714,16,-803,minecraft:chest
715,16,-811,minecraft:hopper
716,16,-811,minecraft:hopper
717,16,-811,minecraft:hopper
718,16,-811,minecraft:hopper
718,14,-804,minecraft:chest
719,16,-803,minecraft:chest
719,14,-804,minecraft:chest
714,14,-804,minecraft:chest
715,16,-803,minecraft:chest
715,14,-804,minecraft:chest
716,16,-803,minecraft:chest
716,14,-804,minecraft:chest
717,16,-803,minecraft:chest
717,14,-804,minecraft:chest
718,16,-803,minecraft:chest
711,16,-811,minecraft:hopper
712,16,-811,minecraft:hopper
713,16,-811,minecraft:hopper
714,16,-811,minecraft:hopper
718,15,-811,minecraft:hopper
711,15,-803,minecraft:chest
719,15,-811,minecraft:hopper
712,15,-803,minecraft:chest
713,15,-803,minecraft:chest
714,17,-802,minecraft:chest
714,15,-811,minecraft:hopper
715,15,-811,minecraft:hopper
716,15,-811,minecraft:hopper
717,15,-811,minecraft:hopper
719,17,-802,minecraft:chest
718,15,-803,minecraft:chest
719,15,-803,minecraft:chest
714,15,-803,minecraft:chest
715,17,-802,minecraft:chest
715,15,-803,minecraft:chest
716,17,-802,minecraft:chest
716,15,-803,minecraft:chest
717,17,-802,minecraft:chest
717,15,-803,minecraft:chest
718,17,-802,minecraft:chest
711,15,-811,minecraft:hopper
712,15,-811,minecraft:hopper
713,15,-811,minecraft:hopper
718,16,-810,minecraft:chest
717,14,-811,minecraft:hopper
719,16,-810,minecraft:chest
718,14,-811,minecraft:hopper
711,14,-803,minecraft:chest
719,14,-811,minecraft:hopper
712,14,-803,minecraft:chest
714,18,-801,minecraft:hopper
714,16,-810,minecraft:chest
713,14,-811,minecraft:hopper
719,18,-813,minecraft:comparator
715,16,-810,minecraft:chest
714,14,-811,minecraft:hopper
716,16,-810,minecraft:chest
715,14,-811,minecraft:hopper
717,16,-810,minecraft:chest
716,14,-811,minecraft:hopper
717,14,-803,minecraft:chest
718,16,-802,minecraft:hopper
719,18,-801,minecraft:hopper
718,14,-803,minecraft:chest
719,16,-802,minecraft:hopper
719,14,-803,minecraft:chest
713,14,-803,minecraft:chest
715,18,-801,minecraft:hopper
714,16,-802,minecraft:hopper
714,14,-803,minecraft:chest
716,18,-801,minecraft:hopper
715,16,-802,minecraft:hopper
715,14,-803,minecraft:chest
716,16,-802,minecraft:hopper
717,18,-801,minecraft:hopper
716,14,-803,minecraft:chest
717,16,-802,minecraft:hopper
718,18,-801,minecraft:hopper
715,18,-813,minecraft:comparator
711,16,-810,minecraft:chest
716,18,-813,minecraft:comparator
712,16,-810,minecraft:chest
711,14,-811,minecraft:hopper
717,18,-813,minecraft:comparator
713,16,-810,minecraft:chest
712,14,-811,minecraft:hopper
718,18,-813,minecraft:comparator
711,18,-813,minecraft:comparator
712,18,-813,minecraft:comparator
713,18,-813,minecraft:comparator
714,18,-813,minecraft:comparator
746,16,-823,minecraft:chest
745,16,-823,minecraft:chest
744,16,-823,minecraft:chest
743,16,-823,minecraft:chest
742,14,-824,minecraft:comparator
750,16,-823,minecraft:chest
749,16,-823,minecraft:chest
748,16,-823,minecraft:chest
747,16,-823,minecraft:chest
738,16,-823,minecraft:chest
737,16,-823,minecraft:chest
736,16,-823,minecraft:chest
742,16,-823,minecraft:chest
741,16,-823,minecraft:chest
740,16,-823,minecraft:chest
739,16,-823,minecraft:chest
745,15,-823,minecraft:chest
744,15,-823,minecraft:chest
743,15,-823,minecraft:chest
742,15,-823,minecraft:chest
749,15,-823,minecraft:chest
748,15,-823,minecraft:chest
747,15,-823,minecraft:chest
746,15,-823,minecraft:chest
750,15,-823,minecraft:chest
737,15,-823,minecraft:chest
736,15,-823,minecraft:chest
741,15,-823,minecraft:chest
740,15,-823,minecraft:chest
739,13,-824,minecraft:hopper
739,15,-823,minecraft:chest
738,13,-824,minecraft:dropper
738,15,-823,minecraft:chest
737,13,-824,minecraft:dispenser
745,16,-822,minecraft:chest
744,14,-823,minecraft:chest
744,16,-822,minecraft:chest
743,14,-823,minecraft:chest
743,16,-822,minecraft:chest
742,14,-823,minecraft:chest
742,16,-822,minecraft:chest
741,14,-823,minecraft:chest
749,16,-822,minecraft:chest
748,14,-823,minecraft:chest
751,20,-820,minecraft:chest
748,16,-822,minecraft:chest
747,14,-823,minecraft:chest
747,16,-822,minecraft:chest
746,14,-823,minecraft:chest
746,16,-822,minecraft:chest
745,14,-823,minecraft:chest
750,14,-823,minecraft:chest
750,16,-822,minecraft:chest
749,14,-823,minecraft:chest
737,16,-822,minecraft:chest
736,14,-823,minecraft:chest
736,16,-822,minecraft:chest
741,16,-822,minecraft:chest
740,14,-823,minecraft:chest
740,16,-822,minecraft:chest
739,14,-823,minecraft:chest
739,16,-822,minecraft:chest
738,14,-823,minecraft:chest
738,16,-822,minecraft:chest
737,14,-823,minecraft:chest
744,15,-822,minecraft:chest
745,17,-821,minecraft:chest
743,15,-822,minecraft:chest
744,17,-821,minecraft:chest
742,15,-822,minecraft:chest
743,17,-821,minecraft:chest
741,15,-822,minecraft:chest
742,17,-821,minecraft:chest
749,17,-821,minecraft:chest
748,15,-822,minecraft:chest
748,17,-821,minecraft:chest
747,15,-822,minecraft:chest
747,17,-821,minecraft:chest
746,15,-822,minecraft:chest
745,15,-822,minecraft:chest
746,17,-821,minecraft:chest
750,15,-822,minecraft:chest
750,17,-821,minecraft:chest
749,15,-822,minecraft:chest
751,19,-820,minecraft:chest
736,15,-822,minecraft:chest
737,17,-821,minecraft:chest
736,17,-821,minecraft:chest
740,15,-822,minecraft:chest
741,17,-821,minecraft:chest
739,15,-822,minecraft:chest
740,17,-821,minecraft:chest
738,15,-822,minecraft:chest
739,17,-821,minecraft:chest
737,15,-822,minecraft:chest
738,17,-821,minecraft:chest
743,14,-822,minecraft:chest
744,16,-821,minecraft:hopper
745,18,-820,minecraft:hopper
742,14,-822,minecraft:chest
743,16,-821,minecraft:hopper
744,18,-820,minecraft:hopper
743,18,-820,minecraft:hopper
741,14,-822,minecraft:chest
742,16,-821,minecraft:hopper
742,18,-820,minecraft:hopper
740,14,-822,minecraft:chest
741,16,-821,minecraft:hopper
749,18,-820,minecraft:hopper
748,16,-821,minecraft:hopper
747,14,-822,minecraft:chest
748,18,-820,minecraft:hopper
746,14,-822,minecraft:chest
747,16,-821,minecraft:hopper
747,18,-820,minecraft:hopper
745,14,-822,minecraft:chest
746,16,-821,minecraft:hopper
744,14,-822,minecraft:chest
745,16,-821,minecraft:hopper
746,18,-820,minecraft:hopper
750,14,-822,minecraft:chest
749,14,-822,minecraft:chest
750,16,-821,minecraft:hopper
750,18,-820,minecraft:hopper
748,14,-822,minecraft:chest
749,16,-821,minecraft:hopper
737,18,-820,minecraft:hopper
736,16,-821,minecraft:hopper
736,18,-820,minecraft:hopper
741,18,-820,minecraft:hopper
739,14,-822,minecraft:chest
740,16,-821,minecraft:hopper
740,18,-820,minecraft:hopper
738,14,-822,minecraft:chest
739,16,-821,minecraft:hopper
739,18,-820,minecraft:hopper
737,14,-822,minecraft:chest
738,16,-821,minecraft:hopper
738,18,-820,minecraft:hopper
736,14,-822,minecraft:chest
737,16,-821,minecraft:hopper
744,17,-820,minecraft:hopper
743,15,-821,minecraft:hopper
743,17,-820,minecraft:hopper
742,15,-821,minecraft:hopper
742,17,-820,minecraft:hopper
741,15,-821,minecraft:hopper
741,17,-820,minecraft:hopper
740,15,-821,minecraft:hopper
748,17,-820,minecraft:hopper
747,15,-821,minecraft:hopper
747,17,-820,minecraft:hopper
746,15,-821,minecraft:hopper
746,17,-820,minecraft:hopper
745,15,-821,minecraft:hopper
745,17,-820,minecraft:hopper
744,15,-821,minecraft:hopper
750,15,-821,minecraft:hopper
750,17,-820,minecraft:hopper
749,15,-821,minecraft:hopper
749,17,-820,minecraft:hopper
748,15,-821,minecraft:hopper
736,17,-820,minecraft:hopper
740,17,-820,minecraft:hopper
739,15,-821,minecraft:hopper
739,17,-820,minecraft:hopper
738,15,-821,minecraft:hopper
738,17,-820,minecraft:hopper
737,15,-821,minecraft:hopper
737,17,-820,minecraft:hopper
736,15,-821,minecraft:hopper
745,18,-819,minecraft:comparator
742,14,-821,minecraft:hopper
746,18,-819,minecraft:comparator
741,14,-821,minecraft:hopper
747,18,-819,minecraft:comparator
740,14,-821,minecraft:hopper
739,14,-821,minecraft:hopper
748,18,-819,minecraft:comparator
741,18,-819,minecraft:comparator
746,14,-821,minecraft:hopper
742,18,-819,minecraft:comparator
745,14,-821,minecraft:hopper
743,18,-819,minecraft:comparator
744,14,-821,minecraft:hopper
744,18,-819,minecraft:comparator
743,14,-821,minecraft:hopper
750,14,-821,minecraft:hopper
749,14,-821,minecraft:hopper
748,14,-821,minecraft:hopper
747,14,-821,minecraft:hopper
749,18,-819,minecraft:comparator
750,18,-819,minecraft:comparator
737,18,-819,minecraft:comparator
738,18,-819,minecraft:comparator
739,18,-819,minecraft:comparator
740,18,-819,minecraft:comparator
738,14,-821,minecraft:hopper
737,14,-821,minecraft:hopper
736,14,-821,minecraft:hopper
736,18,-819,minecraft:comparator
741,18,-832,minecraft:comparator
740,18,-832,minecraft:comparator
739,18,-832,minecraft:comparator
738,18,-832,minecraft:comparator
745,18,-832,minecraft:comparator
744,18,-832,minecraft:comparator
743,18,-832,minecraft:comparator
742,18,-832,minecraft:comparator
749,18,-832,minecraft:comparator
748,18,-832,minecraft:comparator
747,18,-832,minecraft:comparator
746,18,-832,minecraft:comparator
750,18,-832,minecraft:comparator
737,18,-832,minecraft:comparator
736,18,-832,minecraft:comparator
740,18,-831,minecraft:hopper
739,18,-831,minecraft:hopper
738,18,-831,minecraft:hopper
737,18,-831,minecraft:hopper
744,18,-831,minecraft:hopper
743,18,-831,minecraft:hopper
742,18,-831,minecraft:hopper
741,18,-831,minecraft:hopper
748,18,-831,minecraft:hopper
747,18,-831,minecraft:hopper
746,18,-831,minecraft:hopper
745,18,-831,minecraft:hopper
751,18,-831,minecraft:hopper
750,18,-831,minecraft:hopper
749,18,-831,minecraft:hopper
736,18,-831,minecraft:hopper
739,17,-831,minecraft:hopper
738,17,-831,minecraft:hopper
737,17,-831,minecraft:hopper
736,17,-831,minecraft:hopper
743,17,-831,minecraft:hopper
742,17,-831,minecraft:hopper
741,17,-831,minecraft:hopper
740,17,-831,minecraft:hopper
747,17,-831,minecraft:hopper
746,17,-831,minecraft:hopper
745,17,-831,minecraft:hopper
744,17,-831,minecraft:hopper
750,17,-831,minecraft:hopper
749,17,-831,minecraft:hopper
748,17,-831,minecraft:hopper
738,17,-830,minecraft:chest
737,17,-830,minecraft:chest
736,17,-830,minecraft:chest
742,17,-830,minecraft:chest
741,17,-830,minecraft:chest
740,17,-830,minecraft:chest
739,17,-830,minecraft:chest
746,17,-830,minecraft:chest
745,17,-830,minecraft:chest
744,17,-830,minecraft:chest
743,17,-830,minecraft:chest
750,17,-830,minecraft:chest
749,17,-830,minecraft:chest
748,17,-830,minecraft:chest
747,17,-830,minecraft:chest
750,16,-830,minecraft:hopper
737,16,-830,minecraft:hopper
736,16,-830,minecraft:hopper
741,16,-830,minecraft:hopper
740,16,-830,minecraft:hopper
739,16,-830,minecraft:hopper
738,16,-830,minecraft:hopper
745,16,-830,minecraft:hopper
744,16,-830,minecraft:hopper
743,16,-830,minecraft:hopper
742,16,-830,minecraft:hopper
749,16,-830,minecraft:hopper
748,16,-830,minecraft:hopper
747,16,-830,minecraft:hopper
746,16,-830,minecraft:hopper
750,15,-830,minecraft:hopper
749,15,-830,minecraft:hopper
736,15,-830,minecraft:hopper
740,15,-830,minecraft:hopper
739,15,-830,minecraft:hopper
738,15,-830,minecraft:hopper
737,15,-830,minecraft:hopper
744,15,-830,minecraft:hopper
743,15,-830,minecraft:hopper
742,15,-830,minecraft:hopper
741,15,-830,minecraft:hopper
748,15,-830,minecraft:hopper
747,15,-830,minecraft:hopper
746,15,-830,minecraft:hopper
745,15,-830,minecraft:hopper
750,14,-830,minecraft:hopper
750,16,-829,minecraft:chest
749,14,-830,minecraft:hopper
749,16,-829,minecraft:chest
748,14,-830,minecraft:hopper
736,16,-829,minecraft:chest
740,16,-829,minecraft:chest
739,14,-830,minecraft:hopper
739,16,-829,minecraft:chest
738,14,-830,minecraft:hopper
738,16,-829,minecraft:chest
737,14,-830,minecraft:hopper
737,16,-829,minecraft:chest
736,14,-830,minecraft:hopper
744,16,-829,minecraft:chest
743,14,-830,minecraft:hopper
743,16,-829,minecraft:chest
742,14,-830,minecraft:hopper
742,16,-829,minecraft:chest
741,14,-830,minecraft:hopper
741,16,-829,minecraft:chest
740,14,-830,minecraft:hopper
748,16,-829,minecraft:chest
747,14,-830,minecraft:hopper
747,16,-829,minecraft:chest
746,14,-830,minecraft:hopper
746,16,-829,minecraft:chest
745,14,-830,minecraft:hopper
745,16,-829,minecraft:chest
744,14,-830,minecraft:hopper
750,15,-829,minecraft:chest
749,15,-829,minecraft:chest
748,15,-829,minecraft:chest
739,15,-829,minecraft:chest
738,15,-829,minecraft:chest
737,15,-829,minecraft:chest
736,15,-829,minecraft:chest
743,15,-829,minecraft:chest
742,15,-829,minecraft:chest
741,15,-829,minecraft:chest
740,15,-829,minecraft:chest
747,15,-829,minecraft:chest
746,15,-829,minecraft:chest
745,15,-829,minecraft:chest
744,15,-829,minecraft:chest
750,14,-829,minecraft:chest
749,14,-829,minecraft:chest
750,16,-828,minecraft:chest
748,14,-829,minecraft:chest
749,16,-828,minecraft:chest
747,14,-829,minecraft:chest
748,16,-828,minecraft:chest
738,14,-829,minecraft:chest
739,16,-828,minecraft:chest
737,14,-829,minecraft:chest
738,16,-828,minecraft:chest
736,14,-829,minecraft:chest
737,16,-828,minecraft:chest
736,16,-828,minecraft:chest
742,14,-829,minecraft:chest
743,16,-828,minecraft:chest
741,14,-829,minecraft:chest
742,16,-828,minecraft:chest
740,14,-829,minecraft:chest
741,16,-828,minecraft:chest
739,14,-829,minecraft:chest
740,16,-828,minecraft:chest
746,14,-829,minecraft:chest
747,16,-828,minecraft:chest
745,14,-829,minecraft:chest
746,16,-828,minecraft:chest
744,14,-829,minecraft:chest
745,16,-828,minecraft:chest
743,14,-829,minecraft:chest
744,16,-828,minecraft:chest
750,15,-828,minecraft:chest
749,15,-828,minecraft:chest
748,15,-828,minecraft:chest
747,15,-828,minecraft:chest
738,15,-828,minecraft:chest
737,15,-828,minecraft:chest
736,15,-828,minecraft:chest
742,15,-828,minecraft:chest
741,15,-828,minecraft:chest
740,15,-828,minecraft:chest
739,15,-828,minecraft:chest
746,15,-828,minecraft:chest
745,15,-828,minecraft:chest
744,15,-828,minecraft:chest
743,15,-828,minecraft:chest
749,14,-828,minecraft:chest
748,14,-828,minecraft:chest
747,14,-828,minecraft:chest
746,14,-828,minecraft:chest
750,14,-828,minecraft:chest
737,14,-828,minecraft:chest
736,14,-828,minecraft:chest
741,14,-828,minecraft:chest
740,14,-828,minecraft:chest
739,14,-828,minecraft:chest
738,14,-828,minecraft:chest
745,14,-828,minecraft:chest
744,14,-828,minecraft:chest
743,14,-828,minecraft:chest
742,14,-828,minecraft:chest
756,14,-818,minecraft:ender_chest
757,24,-830,minecraft:chest
752,18,-831,minecraft:hopper
752,15,-830,minecraft:chest
752,14,-831,minecraft:hopper
753,16,-830,minecraft:chest
752,15,-831,minecraft:hopper
752,16,-830,minecraft:chest
752,16,-831,minecraft:hopper
752,17,-831,minecraft:hopper
753,14,-830,minecraft:chest
752,14,-830,minecraft:chest
753,15,-830,minecraft:chest
752,19,-820,minecraft:chest
752,20,-820,minecraft:chest
797,13,-830,minecraft:blast_furnace
797,14,-830,minecraft:blast_furnace
779,44,-744,minecraft:mob_spawner
776,44,-742,minecraft:chest
781,44,-741,minecraft:chest
814,77,-683,minecraft:furnace
814,79,-683,minecraft:furnace
814,78,-683,minecraft:furnace
815,86,-679,minecraft:comparator
814,81,-683,minecraft:furnace
814,80,-683,minecraft:furnace
814,82,-683,minecraft:furnace
813,74,-677,minecraft:dropper
814,74,-677,minecraft:dropper
813,73,-677,minecraft:hopper
812,69,-686,minecraft:dropper
814,73,-677,minecraft:dropper
814,74,-676,minecraft:comparator
807,78,-683,minecraft:furnace
807,77,-683,minecraft:furnace
807,80,-683,minecraft:furnace
807,79,-683,minecraft:furnace
807,82,-683,minecraft:furnace
806,81,-682,minecraft:hopper
807,81,-683,minecraft:furnace
805,86,-679,minecraft:hopper
806,86,-679,minecraft:comparator
805,85,-679,minecraft:dropper
816,85,-679,minecraft:dropper
816,86,-679,minecraft:hopper
819,74,-683,minecraft:dispenser
820,72,-685,minecraft:comparator
817,70,-684,minecraft:chest
821,72,-686,minecraft:comparator
819,74,-684,minecraft:dispenser
819,70,-683,minecraft:hopper
822,72,-684,minecraft:hopper
821,72,-683,minecraft:hopper
822,72,-683,minecraft:hopper
820,72,-684,minecraft:dispenser
817,70,-683,minecraft:chest
818,70,-684,minecraft:chest
819,70,-684,minecraft:hopper
821,72,-684,minecraft:hopper
818,70,-683,minecraft:chest
839,4,-640,minecraft:hopper
742,18,-800,minecraft:comparator
743,18,-800,minecraft:comparator
744,18,-800,minecraft:comparator
745,18,-800,minecraft:comparator
738,18,-800,minecraft:comparator
739,18,-800,minecraft:comparator
740,18,-800,minecraft:comparator
741,18,-800,minecraft:comparator
750,18,-800,minecraft:comparator
746,18,-800,minecraft:comparator
747,18,-800,minecraft:comparator
748,18,-800,minecraft:comparator
749,18,-800,minecraft:comparator
751,13,-799,minecraft:dropper
736,18,-800,minecraft:comparator
737,18,-800,minecraft:comparator
753,13,-800,minecraft:hopper
752,12,-800,minecraft:hopper
752,12,-799,minecraft:dropper
753,12,-799,minecraft:comparator
752,13,-800,minecraft:hopper
772,14,-814,minecraft:furnace
735,15,-830,minecraft:hopper
734,15,-830,minecraft:hopper
733,15,-830,minecraft:hopper
733,17,-821,minecraft:chest
732,15,-822,minecraft:chest
732,17,-821,minecraft:chest
735,15,-822,minecraft:chest
735,17,-821,minecraft:chest
734,15,-822,minecraft:chest
733,15,-822,minecraft:chest
734,17,-821,minecraft:chest
732,15,-830,minecraft:hopper
735,14,-830,minecraft:hopper
735,16,-829,minecraft:chest
734,14,-830,minecraft:hopper
734,16,-829,minecraft:chest
733,14,-830,minecraft:hopper
733,16,-829,minecraft:chest
732,14,-830,minecraft:hopper
733,18,-820,minecraft:hopper
732,16,-821,minecraft:hopper
732,18,-820,minecraft:hopper
735,14,-822,minecraft:chest
735,16,-821,minecraft:hopper
734,14,-822,minecraft:chest
735,18,-820,minecraft:hopper
733,14,-822,minecraft:chest
734,16,-821,minecraft:hopper
733,16,-821,minecraft:hopper
734,18,-820,minecraft:hopper
732,14,-822,minecraft:chest
733,18,-832,minecraft:comparator
732,18,-832,minecraft:comparator
732,16,-829,minecraft:chest
735,18,-832,minecraft:comparator
734,18,-832,minecraft:comparator
735,15,-829,minecraft:chest
734,15,-829,minecraft:chest
733,15,-829,minecraft:chest
732,15,-829,minecraft:chest
732,17,-820,minecraft:hopper
735,15,-821,minecraft:hopper
735,17,-820,minecraft:hopper
734,15,-821,minecraft:hopper
733,15,-821,minecraft:hopper
734,17,-820,minecraft:hopper
733,17,-820,minecraft:hopper
732,15,-821,minecraft:hopper
731,19,-831,minecraft:chest
730,19,-831,minecraft:chest
735,16,-828,minecraft:chest
734,14,-829,minecraft:chest
733,14,-829,minecraft:chest
734,16,-828,minecraft:chest
733,16,-828,minecraft:chest
732,14,-829,minecraft:chest
732,18,-819,minecraft:comparator
732,16,-828,minecraft:chest
735,14,-829,minecraft:chest
734,14,-821,minecraft:hopper
733,14,-821,minecraft:hopper
732,14,-821,minecraft:hopper
733,18,-819,minecraft:comparator
734,18,-819,minecraft:comparator
735,18,-819,minecraft:comparator
735,14,-821,minecraft:hopper
732,18,-831,minecraft:hopper
735,18,-831,minecraft:hopper
734,18,-831,minecraft:hopper
733,18,-831,minecraft:hopper
734,15,-828,minecraft:chest
733,15,-828,minecraft:chest
732,15,-828,minecraft:chest
729,19,-822,minecraft:chest
735,15,-828,minecraft:chest
735,17,-831,minecraft:hopper
734,17,-831,minecraft:hopper
733,17,-831,minecraft:hopper
732,17,-831,minecraft:hopper
733,14,-828,minecraft:chest
732,14,-828,minecraft:chest
734,16,-823,minecraft:chest
733,16,-823,minecraft:chest
735,14,-828,minecraft:chest
732,16,-823,minecraft:chest
734,14,-828,minecraft:chest
735,16,-823,minecraft:chest
729,19,-821,minecraft:chest
735,17,-830,minecraft:chest
733,15,-823,minecraft:chest
732,15,-823,minecraft:chest
735,15,-823,minecraft:chest
734,15,-823,minecraft:chest
734,17,-830,minecraft:chest
733,17,-830,minecraft:chest
732,17,-830,minecraft:chest
735,16,-830,minecraft:hopper
734,16,-830,minecraft:hopper
733,16,-822,minecraft:chest
732,14,-823,minecraft:chest
732,16,-822,minecraft:chest
735,14,-823,minecraft:chest
735,16,-822,minecraft:chest
734,14,-823,minecraft:chest
733,14,-823,minecraft:chest
734,16,-822,minecraft:chest
733,16,-830,minecraft:hopper
732,16,-830,minecraft:hopper
768,27,-821,minecraft:campfire
779,14,-822,minecraft:chest
779,14,-823,minecraft:chest
779,14,-824,minecraft:chest
779,15,-823,minecraft:chest
779,15,-824,minecraft:chest
779,14,-821,minecraft:chest
1002,68,-773,minecraft:chest
1001,68,-777,minecraft:chest
1002,68,-775,minecraft:mob_spawner
796,17,-834,minecraft:campfire
641,23,-843,minecraft:mob_spawner
639,23,-845,minecraft:chest
819,16,-850,minecraft:chest
817,16,-850,minecraft:chest
707,38,-858,minecraft:chest
709,38,-860,minecraft:mob_spawner
617,35,-822,minecraft:chest
617,35,-826,minecraft:chest
615,35,-824,minecraft:mob_spawner
836,11,-895,minecraft:mob_spawner
834,11,-894,minecraft:chest
851,59,-914,minecraft:chest
853,59,-916,minecraft:mob_spawner
658,23,-923,minecraft:mob_spawner
656,23,-924,minecraft:chest
657,23,-925,minecraft:chest
611,53,-909,minecraft:chest
613,53,-906,minecraft:mob_spawner
611,53,-903,minecraft:chest
583,48,-877,minecraft:chest
585,48,-875,minecraft:mob_spawner
574,9,-973,minecraft:mob_spawner
544,11,-986,minecraft:mob_spawner
1023,42,-711,minecraft:mob_spawner
792,11,-831,minecraft:blast_furnace
870,46,1846,minecraft:chest
869,49,1853,minecraft:chest
-8630,22,-1019,minecraft:mob_spawner
-9067,12,-1168,minecraft:chest
-9067,12,-1171,minecraft:mob_spawner
-9070,12,-1172,minecraft:chest
-9069,18,-1213,minecraft:chest
-9067,18,-1215,minecraft:mob_spawner
-8914,52,-1218,minecraft:chest
-8921,49,-1219,minecraft:chest
-8997,24,-1241,minecraft:mob_spawner
-8982,17,-1241,minecraft:mob_spawner
-8847,48,-1282,minecraft:chest
-9061,6,-1219,minecraft:mob_spawner
-8925,56,-753,minecraft:chest
629,41,1837,minecraft:chest
630,38,1830,minecraft:chest
628,41,1846,minecraft:chest
