{
	"display": {
		"icon": {
			"item": "red_bed"
		},
		"title": "Sleep Is for the Week",
		"description": "Don't sleep or die for an in-game week",
		"frame": "goal"
	},
	"parent": "platy:combat/phantom_pain",
	"criteria": {
		"week": {
			"trigger": "location",
			"conditions": {
				"player": {
					"player": {
						"stats": [{
							"type": "custom",
							"stat": "time_since_rest",
							"value": {
								"min": 168000
							}
						}]
					}
				}
			}
		}
	}
}