{
	"display": {
		"icon": {
			"item": "ender_pearl"
		},
		"title": "Plane Walker",
		"description": "Kill an enderman in all three dimensions",
		"frame": "goal"
	},
	"parent": "platy:combat/kill_monster",
	"criteria": {
		"overworld": {
			"trigger": "player_killed_entity",
			"conditions": {
				"entity": {
					"type": "enderman",
					"location": {
						"dimension": "overworld"
					}
				}
			}
		},
		"nether": {
			"trigger": "player_killed_entity",
			"conditions": {
				"entity": {
					"type": "enderman",
					"location": {
						"dimension": "the_nether"
					}
				}
			}
		},
		"end": {
			"trigger": "player_killed_entity",
			"conditions": {
				"entity": {
					"type": "enderman",
					"location": {
						"dimension": "the_end"
					}
				}
			}
		}
	}
}