{
	"display": {
		"icon": {
			"item": "tipped_arrow"
		},
		"title": "Dipped in Magic",
		"description": "Obtain a spectral or tipped arrow"
	},
	"parent": "platy:combat/shoot_bow",
	"criteria": {
		"tipped": {
			"trigger": "inventory_changed",
			"conditions": {
				"items": [
					{
						"item": "tipped_arrow"
					}
				]
			}
		},
		"spectral": {
			"trigger": "inventory_changed",
			"conditions": {
				"items": [
					{
						"item": "spectral_arrow"
					}
				]
			}
		}
	},
	"requirements": [
		[
			"tipped",
			"spectral"
		]
	]
}