x,y,z,type
254,71,49,minecraft:chest
255,71,49,minecraft:chest
255,71,51,minecraft:furnace
209,63,67,minecraft:chest
219,67,104,minecraft:chest
217,68,98,minecraft:sign
218,67,104,minecraft:chest
219,67,103,minecraft:sign
219,68,104,minecraft:chest
221,67,100,minecraft:ender_chest
218,67,103,minecraft:sign
218,68,104,minecraft:chest
256,72,41,minecraft:sign
265,74,40,minecraft:chest
267,75,45,minecraft:chest
267,75,46,minecraft:bed
267,75,47,minecraft:bed
203,0,48,minecraft:sign
197,64,108,minecraft:sign
202,63,108,minecraft:chest
202,63,107,minecraft:sign
241,11,117,minecraft:chest
242,11,119,minecraft:mob_spawner
265,70,20,minecraft:chest
265,70,21,minecraft:bed
265,70,22,minecraft:bed
203,0,47,minecraft:command_block
191,74,0,minecraft:chest
190,70,1,minecraft:bed
191,70,1,minecraft:bed
218,66,0,minecraft:bed
265,65,8,minecraft:bed
263,65,8,minecraft:chest
264,65,8,minecraft:bed
179,65,95,minecraft:brewing_stand
181,65,95,minecraft:brewing_stand
186,66,90,minecraft:sign
183,65,95,minecraft:brewing_stand
177,65,85,minecraft:brewing_stand
179,65,85,minecraft:brewing_stand
181,65,85,minecraft:brewing_stand
183,65,85,minecraft:brewing_stand
177,65,95,minecraft:brewing_stand
185,63,102,minecraft:sign
185,63,108,minecraft:sign
184,65,113,minecraft:sign
180,61,116,minecraft:hopper
181,61,115,minecraft:hopper
185,65,115,minecraft:sign
180,61,115,minecraft:hopper
180,63,117,minecraft:chest
186,65,113,minecraft:sign
185,63,115,minecraft:hopper
183,61,115,minecraft:hopper
180,61,118,minecraft:comparator
180,61,117,minecraft:dropper
182,61,115,minecraft:hopper
185,61,115,minecraft:hopper
184,61,115,minecraft:hopper
185,59,115,minecraft:hopper
180,57,118,minecraft:command_block
184,59,115,minecraft:hopper
185,57,115,minecraft:chest
180,57,120,minecraft:command_block
184,57,115,minecraft:chest
181,57,118,minecraft:command_block
180,57,121,minecraft:command_block
180,62,117,minecraft:dropper
185,64,115,minecraft:chest
184,60,115,minecraft:hopper
185,62,115,minecraft:hopper
185,64,120,minecraft:lectern
185,60,116,minecraft:comparator
184,58,115,minecraft:hopper
185,60,115,minecraft:hopper
184,60,116,minecraft:comparator
190,64,117,minecraft:chest
185,58,115,minecraft:hopper
190,64,118,minecraft:jukebox
184,58,121,minecraft:command_block
215,65,129,minecraft:command_block
190,68,59,minecraft:bed
191,68,59,minecraft:bed
190,68,61,minecraft:bed
190,67,60,minecraft:bed
191,68,61,minecraft:bed
191,67,60,minecraft:bed
187,60,59,minecraft:hopper
189,60,57,minecraft:chest
188,60,59,minecraft:hopper
187,60,60,minecraft:hopper
189,59,57,minecraft:chest
189,60,58,minecraft:chest
189,60,59,minecraft:hopper
188,60,60,minecraft:hopper
187,60,61,minecraft:hopper
189,59,58,minecraft:chest
189,60,60,minecraft:hopper
188,60,61,minecraft:hopper
189,59,59,minecraft:hopper
189,60,61,minecraft:hopper
218,66,-1,minecraft:bed
259,65,-9,minecraft:bell
175,65,87,minecraft:brewing_stand
175,65,89,minecraft:brewing_stand
175,65,91,minecraft:brewing_stand
175,65,93,minecraft:brewing_stand
183,31,-32,minecraft:mob_spawner
201,36,-33,minecraft:mob_spawner
128,38,161,minecraft:chest
129,38,159,minecraft:mob_spawner
127,38,159,minecraft:chest
380,13,168,minecraft:chest
382,13,169,minecraft:mob_spawner
152,33,210,minecraft:mob_spawner
135,41,-68,minecraft:mob_spawner
195,31,208,minecraft:mob_spawner
168,42,224,minecraft:mob_spawner
66,36,131,minecraft:mob_spawner
171,34,244,minecraft:mob_spawner
104,11,251,minecraft:mob_spawner
421,53,116,minecraft:chest
423,53,116,minecraft:mob_spawner
425,53,116,minecraft:chest
69,33,222,minecraft:mob_spawner
-8888,65,-1000,minecraft:bed
-8887,65,-1001,minecraft:bed
-8895,63,-995,minecraft:comparator
-8888,65,-1001,minecraft:bed
-8887,65,-1002,minecraft:bed
-8896,63,-995,minecraft:comparator
-8895,63,-996,minecraft:daylight_detector
-8890,62,-994,minecraft:comparator
-8886,65,-1000,minecraft:bed
-8886,65,-1001,minecraft:bed
-8883,67,-997,minecraft:sign
-8883,67,-995,minecraft:sign
-8883,65,-997,minecraft:hopper
-8883,67,-996,minecraft:sign
-8883,67,-993,minecraft:sign
-8883,65,-995,minecraft:hopper
-8882,65,-996,minecraft:hopper
-8883,67,-994,minecraft:sign
-8883,65,-996,minecraft:hopper
-8882,65,-997,minecraft:hopper
-8882,65,-994,minecraft:hopper
-8883,65,-993,minecraft:hopper
-8883,65,-994,minecraft:hopper
-8882,65,-995,minecraft:hopper
-8882,65,-993,minecraft:hopper
-8881,65,-994,minecraft:hopper
-8868,84,-997,minecraft:chest
-8868,80,-999,minecraft:hopper
-8868,82,-998,minecraft:chest
-8868,84,-993,minecraft:chest
-8867,82,-994,minecraft:chest
-8866,84,-993,minecraft:chest
-8867,84,-993,minecraft:chest
-8868,82,-994,minecraft:chest
-8865,82,-994,minecraft:chest
-8866,82,-994,minecraft:chest
-8865,84,-993,minecraft:chest
-8876,65,-994,minecraft:hopper
-8877,65,-994,minecraft:hopper
-8874,65,-994,minecraft:hopper
-8875,65,-994,minecraft:hopper
-8872,65,-994,minecraft:hopper
-8873,65,-994,minecraft:hopper
-8870,65,-994,minecraft:hopper
-8871,65,-994,minecraft:hopper
-8868,65,-994,minecraft:hopper
-8869,65,-994,minecraft:hopper
-8866,65,-994,minecraft:hopper
-8867,65,-994,minecraft:hopper
-8865,65,-994,minecraft:hopper
-8868,86,-1000,minecraft:comparator
-8867,87,-995,minecraft:hopper
-8868,87,-995,minecraft:hopper
-8868,81,-998,minecraft:chest
-8868,83,-997,minecraft:chest
-8867,83,-993,minecraft:chest
-8868,81,-994,minecraft:chest
-8868,83,-993,minecraft:chest
-8866,81,-994,minecraft:chest
-8865,83,-993,minecraft:chest
-8867,81,-994,minecraft:chest
-8866,83,-993,minecraft:chest
-8880,65,-994,minecraft:hopper
-8865,81,-994,minecraft:chest
-8878,65,-994,minecraft:hopper
-8879,65,-994,minecraft:hopper
-8867,87,-999,minecraft:hopper
-8868,87,-999,minecraft:hopper
-8868,82,-997,minecraft:chest
-8868,80,-998,minecraft:chest
-8868,82,-993,minecraft:chest
-8867,80,-994,minecraft:chest
-8866,82,-993,minecraft:chest
-8867,82,-993,minecraft:chest
-8868,80,-994,minecraft:chest
-8865,80,-994,minecraft:chest
-8866,80,-994,minecraft:chest
-8865,82,-993,minecraft:chest
-8868,86,-999,minecraft:hopper
-8868,85,-999,minecraft:hopper
-8867,87,-998,minecraft:hopper
-8868,87,-994,minecraft:hopper
-8866,87,-994,minecraft:hopper
-8867,87,-994,minecraft:hopper
-8865,87,-994,minecraft:hopper
-8868,81,-997,minecraft:chest
-8867,81,-993,minecraft:chest
-8868,81,-993,minecraft:chest
-8865,81,-993,minecraft:chest
-8866,81,-993,minecraft:chest
-8868,87,-998,minecraft:hopper
-8868,84,-999,minecraft:hopper
-8868,80,-997,minecraft:chest
-8868,80,-993,minecraft:chest
-8866,80,-993,minecraft:chest
-8867,80,-993,minecraft:chest
-8865,80,-993,minecraft:chest
-8868,85,-998,minecraft:chest
-8867,87,-997,minecraft:hopper
-8868,87,-997,minecraft:hopper
-8868,83,-999,minecraft:hopper
-8868,85,-994,minecraft:chest
-8868,87,-993,minecraft:hopper
-8866,85,-994,minecraft:chest
-8867,85,-994,minecraft:chest
-8865,85,-994,minecraft:chest
-8868,82,-999,minecraft:hopper
-8868,84,-998,minecraft:chest
-8867,84,-994,minecraft:chest
-8868,84,-994,minecraft:chest
-8865,84,-994,minecraft:chest
-8866,84,-994,minecraft:chest
-8868,87,-996,minecraft:hopper
-8868,83,-998,minecraft:chest
-8868,85,-997,minecraft:chest
-8867,87,-996,minecraft:hopper
-8868,81,-999,minecraft:hopper
-8867,85,-993,minecraft:chest
-8868,83,-994,minecraft:chest
-8868,85,-993,minecraft:chest
-8865,85,-993,minecraft:chest
-8866,83,-994,minecraft:chest
-8866,85,-993,minecraft:chest
-8867,83,-994,minecraft:chest
-8865,83,-994,minecraft:chest
-8862,80,-993,minecraft:chest
-8863,80,-993,minecraft:chest
-8861,80,-993,minecraft:chest
-8864,84,-993,minecraft:chest
-8862,84,-993,minecraft:chest
-8863,82,-994,minecraft:chest
-8864,82,-994,minecraft:chest
-8863,84,-993,minecraft:chest
-8861,82,-994,minecraft:chest
-8864,80,-993,minecraft:chest
-8862,82,-994,minecraft:chest
-8861,84,-993,minecraft:chest
-8861,81,-994,minecraft:chest
-8864,65,-994,minecraft:hopper
-8864,85,-994,minecraft:chest
-8862,85,-994,minecraft:chest
-8863,85,-994,minecraft:chest
-8859,87,-993,minecraft:hopper
-8864,81,-994,minecraft:chest
-8863,83,-993,minecraft:chest
-8861,85,-994,minecraft:chest
-8864,83,-993,minecraft:chest
-8861,83,-993,minecraft:chest
-8862,81,-994,minecraft:chest
-8862,83,-993,minecraft:chest
-8863,81,-994,minecraft:chest
-8861,80,-994,minecraft:chest
-8862,80,-994,minecraft:chest
-8861,82,-993,minecraft:chest
-8863,84,-994,minecraft:chest
-8864,84,-994,minecraft:chest
-8861,84,-994,minecraft:chest
-8864,82,-993,minecraft:chest
-8862,84,-994,minecraft:chest
-8862,82,-993,minecraft:chest
-8863,80,-994,minecraft:chest
-8864,80,-994,minecraft:chest
-8863,82,-993,minecraft:chest
-8861,81,-993,minecraft:chest
-8862,81,-993,minecraft:chest
-8864,65,-993,minecraft:hopper
-8864,87,-994,minecraft:hopper
-8862,87,-994,minecraft:hopper
-8863,87,-994,minecraft:hopper
-8860,87,-994,minecraft:hopper
-8864,83,-994,minecraft:chest
-8863,85,-993,minecraft:chest
-8864,85,-993,minecraft:chest
-8862,83,-994,minecraft:chest
-8861,85,-993,minecraft:chest
-8862,85,-993,minecraft:chest
-8859,87,-994,minecraft:hopper
-8863,83,-994,minecraft:chest
-8863,81,-993,minecraft:chest
-8861,83,-994,minecraft:chest
-8864,81,-993,minecraft:chest
-8888,65,-988,minecraft:bed
-8883,67,-991,minecraft:sign
-8883,67,-992,minecraft:sign
-8886,65,-988,minecraft:bed
-8887,65,-987,minecraft:bed
-8882,65,-992,minecraft:hopper
-8883,65,-991,minecraft:hopper
-8888,65,-987,minecraft:bed
-8883,65,-992,minecraft:hopper
-8886,65,-987,minecraft:bed
-8887,65,-986,minecraft:bed
-8882,65,-991,minecraft:hopper
-8869,65,-986,minecraft:hopper
-8869,65,-984,minecraft:dispenser
-8869,63,-983,minecraft:hopper
-8867,86,-992,minecraft:hopper
-8865,63,-985,minecraft:comparator
-8867,63,-983,minecraft:hopper
-8868,86,-992,minecraft:hopper
-8868,63,-983,minecraft:hopper
-8870,63,-981,minecraft:dropper
-8865,86,-992,minecraft:hopper
-8866,65,-980,minecraft:banner
-8866,86,-992,minecraft:hopper
-8867,82,-992,minecraft:hopper
-8868,82,-992,minecraft:hopper
-8865,82,-992,minecraft:hopper
-8866,82,-992,minecraft:hopper
-8871,65,-986,minecraft:daylight_detector
-8869,64,-984,minecraft:dispenser
-8870,64,-984,minecraft:comparator
-8868,85,-992,minecraft:hopper
-8866,85,-992,minecraft:hopper
-8867,85,-992,minecraft:hopper
-8868,81,-992,minecraft:hopper
-8865,85,-992,minecraft:hopper
-8866,81,-992,minecraft:hopper
-8867,81,-992,minecraft:hopper
-8865,81,-992,minecraft:hopper
-8869,65,-985,minecraft:hopper
-8866,63,-984,minecraft:hopper
-8868,86,-991,minecraft:comparator
-8867,63,-984,minecraft:hopper
-8867,84,-992,minecraft:hopper
-8866,86,-991,minecraft:comparator
-8867,86,-991,minecraft:comparator
-8865,63,-984,minecraft:hopper
-8868,84,-992,minecraft:hopper
-8865,84,-992,minecraft:hopper
-8866,84,-992,minecraft:hopper
-8865,86,-991,minecraft:comparator
-8867,80,-992,minecraft:hopper
-8868,80,-992,minecraft:hopper
-8865,80,-992,minecraft:hopper
-8866,80,-992,minecraft:hopper
-8869,64,-985,minecraft:hopper
-8868,87,-992,minecraft:hopper
-8866,87,-992,minecraft:hopper
-8867,87,-992,minecraft:hopper
-8868,83,-992,minecraft:hopper
-8865,87,-992,minecraft:hopper
-8866,83,-992,minecraft:hopper
-8867,83,-992,minecraft:hopper
-8865,83,-992,minecraft:hopper
-8861,82,-992,minecraft:hopper
-8862,82,-992,minecraft:hopper
-8864,65,-990,minecraft:hopper
-8864,65,-988,minecraft:hopper
-8864,65,-986,minecraft:hopper
-8864,63,-985,minecraft:dropper
-8863,86,-992,minecraft:hopper
-8864,86,-992,minecraft:hopper
-8861,86,-992,minecraft:hopper
-8862,86,-992,minecraft:hopper
-8863,65,-980,minecraft:banner
-8863,82,-992,minecraft:hopper
-8864,82,-992,minecraft:hopper
-8862,81,-992,minecraft:hopper
-8863,81,-992,minecraft:hopper
-8861,81,-992,minecraft:hopper
-8864,65,-992,minecraft:hopper
-8864,85,-992,minecraft:hopper
-8862,85,-992,minecraft:hopper
-8863,85,-992,minecraft:hopper
-8864,81,-992,minecraft:hopper
-8861,85,-992,minecraft:hopper
-8863,80,-992,minecraft:hopper
-8864,80,-992,minecraft:hopper
-8861,80,-992,minecraft:hopper
-8862,80,-992,minecraft:hopper
-8864,65,-991,minecraft:hopper
-8864,65,-989,minecraft:hopper
-8864,65,-987,minecraft:hopper
-8864,65,-985,minecraft:hopper
-8864,63,-984,minecraft:hopper
-8864,86,-991,minecraft:comparator
-8862,86,-991,minecraft:comparator
-8863,84,-992,minecraft:hopper
-8864,84,-992,minecraft:hopper
-8863,86,-991,minecraft:comparator
-8861,84,-992,minecraft:hopper
-8862,84,-992,minecraft:hopper
-8861,86,-991,minecraft:comparator
-8861,83,-992,minecraft:hopper
-8864,64,-985,minecraft:hopper
-8864,87,-992,minecraft:hopper
-8862,87,-992,minecraft:hopper
-8863,87,-992,minecraft:hopper
-8860,87,-992,minecraft:hopper
-8864,83,-992,minecraft:hopper
-8861,87,-992,minecraft:hopper
-8862,83,-992,minecraft:hopper
-8859,87,-992,minecraft:hopper
-8863,83,-992,minecraft:hopper
-8897,62,-996,minecraft:hopper
-8897,63,-995,minecraft:hopper
-8897,62,-994,minecraft:comparator
-8897,62,-995,minecraft:comparator
-8898,62,-994,minecraft:daylight_detector
-8865,15,-1024,minecraft:chest
-8865,13,-1024,minecraft:chest
-8865,15,-1022,minecraft:chest
-8865,15,-1021,minecraft:chest
-8865,11,-1024,minecraft:chest
-8865,13,-1022,minecraft:chest
-8876,73,-1014,minecraft:hopper
-8865,13,-1021,minecraft:chest
-8865,11,-1022,minecraft:chest
-8876,71,-1014,minecraft:hopper
-8865,11,-1021,minecraft:chest
-8870,73,-1014,minecraft:hopper
-8870,71,-1014,minecraft:hopper
-8865,14,-1024,minecraft:chest
-8865,12,-1024,minecraft:chest
-8865,14,-1022,minecraft:chest
-8865,14,-1021,minecraft:chest
-8865,12,-1022,minecraft:chest
-8876,74,-1014,minecraft:hopper
-8865,12,-1021,minecraft:chest
-8865,10,-1022,minecraft:chest
-8876,72,-1014,minecraft:hopper
-8865,10,-1021,minecraft:chest
-8875,70,-1014,minecraft:hopper
-8876,70,-1014,minecraft:hopper
-8873,70,-1014,minecraft:hopper
-8874,70,-1014,minecraft:hopper
-8870,70,-1015,minecraft:comparator
-8871,70,-1014,minecraft:hopper
-8870,72,-1014,minecraft:hopper
-8872,70,-1014,minecraft:hopper
-8870,70,-1014,minecraft:dropper
-8865,14,-1025,minecraft:chest
-8865,13,-1025,minecraft:chest
-8865,12,-1025,minecraft:chest
-8865,11,-1025,minecraft:chest
-8865,15,-1025,minecraft:chest
-8890,74,-957,minecraft:enchanting_table
-8876,65,-958,minecraft:chest
-8875,67,-955,minecraft:chest
-8876,67,-955,minecraft:chest
-8874,65,-956,minecraft:chest
-8875,65,-956,minecraft:chest
-8874,67,-955,minecraft:chest
-8874,67,-953,minecraft:barrel
-8872,65,-954,minecraft:furnace
-8873,65,-954,minecraft:chest
-8871,67,-951,minecraft:skull
-8873,65,-952,minecraft:chest
-8872,63,-955,minecraft:bed
-8872,66,-949,minecraft:chest
-8872,64,-952,minecraft:chest
-8876,66,-957,minecraft:chest
-8876,68,-954,minecraft:chest
-8874,66,-955,minecraft:chest
-8875,66,-955,minecraft:chest
-8874,66,-953,minecraft:barrel
-8873,64,-956,minecraft:furnace
-8873,66,-955,minecraft:chest
-8873,66,-953,minecraft:chest
-8872,66,-951,minecraft:brewing_stand
-8873,66,-951,minecraft:chest
-8872,63,-952,minecraft:chest
-8872,67,-948,minecraft:chest
-8872,65,-951,minecraft:furnace
-8876,67,-956,minecraft:chest
-8875,65,-957,minecraft:chest
-8876,65,-957,minecraft:chest
-8874,67,-954,minecraft:barrel
-8873,65,-955,minecraft:chest
-8874,67,-952,minecraft:barrel
-8872,63,-958,minecraft:ender_chest
-8873,65,-953,minecraft:chest
-8872,63,-956,minecraft:bed
-8872,63,-954,minecraft:blast_furnace
-8876,68,-955,minecraft:chest
-8875,66,-956,minecraft:chest
-8876,66,-956,minecraft:chest
-8874,66,-956,minecraft:chest
-8873,66,-954,minecraft:chest
-8874,66,-954,minecraft:barrel
-8873,64,-957,minecraft:furnace
-8873,66,-952,minecraft:chest
-8874,66,-952,minecraft:barrel
-8872,64,-953,minecraft:chest
-8873,66,-950,minecraft:chest
-8872,67,-947,minecraft:chest
-8872,63,-953,minecraft:chest
-8821,5,-963,minecraft:comparator
-8819,5,-965,minecraft:comparator
-8820,5,-964,minecraft:hopper
-8820,5,-965,minecraft:dropper
-8820,5,-963,minecraft:hopper
4,29,9,minecraft:mob_spawner
-8851,7,-896,minecraft:comparator
-8855,5,-893,minecraft:hopper
-8854,5,-893,minecraft:hopper
-8855,5,-892,minecraft:dropper
-8853,7,-892,minecraft:comparator
-8854,5,-892,minecraft:hopper
-8855,5,-891,minecraft:comparator
-8709,21,-997,minecraft:mob_spawner
-8698,16,-1044,minecraft:chest
-8699,16,-1041,minecraft:mob_spawner
-8702,22,-1018,minecraft:mob_spawner
-9045,34,-973,minecraft:mob_spawner
-8698,48,-1167,minecraft:chest
-8716,49,-1170,minecraft:chest
-8701,48,-1179,minecraft:chest
-8687,21,-1039,minecraft:mob_spawner
-9067,12,-1168,minecraft:chest
-9067,12,-1171,minecraft:mob_spawner
-9070,12,-1172,minecraft:chest
61,38,156,minecraft:mob_spawner
48,21,137,minecraft:mob_spawner
63,30,141,minecraft:mob_spawner
51,29,-28,minecraft:mob_spawner
54,33,221,minecraft:mob_spawner
32,30,-16,minecraft:mob_spawner
3,17,127,minecraft:mob_spawner
15,42,-114,minecraft:mob_spawner
-6,19,-63,minecraft:mob_spawner
-19,18,-20,minecraft:mob_spawner
-17,15,104,minecraft:mob_spawner
-18,12,76,minecraft:mob_spawner
-25,20,-53,minecraft:mob_spawner
-57,13,55,minecraft:mob_spawner
-68,13,-20,minecraft:chest
-67,13,-23,minecraft:chest
-70,13,-23,minecraft:mob_spawner
-70,35,115,minecraft:mob_spawner
-77,35,110,minecraft:mob_spawner
-86,44,139,minecraft:mob_spawner
102,17,302,minecraft:chest
107,17,303,minecraft:chest
46,42,302,minecraft:chest
-72,35,419,minecraft:mob_spawner
168,18,384,minecraft:mob_spawner
527,15,73,minecraft:mob_spawner
529,15,73,minecraft:chest
528,15,76,minecraft:chest
543,24,-26,minecraft:mob_spawner
545,24,-26,minecraft:chest
450,34,84,minecraft:mob_spawner
453,34,84,minecraft:chest
447,34,84,minecraft:chest
602,60,39,minecraft:sign
602,58,39,minecraft:sign
602,56,39,minecraft:sign
604,72,60,minecraft:chest
604,72,61,minecraft:ender_chest
599,73,57,minecraft:furnace
599,72,57,minecraft:furnace
599,73,58,minecraft:furnace
599,72,58,minecraft:furnace
599,72,60,minecraft:chest
599,72,61,minecraft:chest
604,72,59,minecraft:chest
601,72,68,minecraft:bed
601,73,71,minecraft:skull
601,72,69,minecraft:bed
602,73,71,minecraft:skull
461,16,202,minecraft:mob_spawner
459,16,205,minecraft:chest
353,22,-146,minecraft:mob_spawner
330,21,-149,minecraft:mob_spawner
