x,y,z,uuid,type,alive,display_name,custom_name
240.0,63.0,67.0,c2ef5c4e-dbe9-4c60-942c-4caeb6f198c9,minecraft:armor_stand,true,Armor Stand,[null]
281.4995187416778,73.0,106.65321963928815,b975c98a-fd00-4382-aac3-e17e082019d7,minecraft:rabbit,true,Rabbit,[null]
256.96875,73.5,41.5,267706ec-8de4-4d1d-9315-6fbe37341e70,minecraft:item_frame,true,Item Frame,[null]
200.5,66.0,90.5,33f26cb3-b900-4547-ae3d-e25558f2388a,minecraft:armor_stand,true,Stick Man,Stick Man
200.5,66.0,90.5,a5cb38a8-6403-44f6-a626-3bfcf9061cca,minecraft:area_effect_cloud,true,Area Effect Cloud,[null]
199.5,64.0,114.5,40ced2f8-6fa1-4f50-9c23-9d79dbd70923,minecraft:armor_stand,true,Armor Stand,[null]
317.5006844768017,64.0,88.41844392135464,366f2854-5600-4668-a16c-db6270e967d3,minecraft:rabbit,true,Rabbit,[null]
309.4303085545739,16.0,124.62200394083571,37b88a40-bb36-4116-9322-628cd68d3a56,minecraft:chicken,true,Chicken,[null]
181.5,63.0,105.5,7a05bbf7-5f20-43a3-b373-e0c3356941a7,minecraft:area_effect_cloud,true,Area Effect Cloud,[null]
190.7432814885381,68.5625,60.84379813234582,87e0ee81-b110-4ab1-9a0a-9f203f45058e,minecraft:villager,true,Leatherworker,[null]
191.59838336174943,68.5625,59.55026029820404,606457c2-3ef1-4c22-8d81-5f173f140fe6,minecraft:villager,true,Leatherworker,[null]
191.51849053473933,67.61996113894642,60.30000001192093,e2e49a90-0b59-498f-99d2-a6dc13cb403c,minecraft:villager,true,Leatherworker,[null]
188.57499998807907,66.4715999507904,60.49382343546845,08243bf1-8f7e-4b3d-b56e-7a4b7ba99cb0,minecraft:zombie,true,Spawn Ig Farm,Spawn Ig Farm
196.5,27.0625,-12.5,f76b9ee5-84f4-4a9b-9a12-d3fa3b8a9081,minecraft:chest_minecart,true,Minecart with Chest,[null]
175.5,66.0625,91.5,27d0bca8-75b7-43d8-a940-75ed78d20c38,minecraft:villager,true,Head Currency,Head Currency
175.40002365508622,66.0625,89.66989337210484,59856db4-6354-41d0-b886-c2b3fa894c0b,minecraft:villager,true,Pixel Heads,Pixel Heads
335.29950360512237,76.0,69.49946490656234,79336846-3a2c-4f94-aeb8-3582237a8d5b,minecraft:pig,true,Pig,[null]
334.4971219759833,71.0,71.74657697770215,cea81680-d84a-4d00-8f88-1ace5d9d0bd1,minecraft:pig,true,Pig,[null]
312.0141750876771,76.0,74.42369553532524,899bfb6e-8d57-4c32-9620-a8d943997dfb,minecraft:pig,true,Pig,[null]
335.2544945523387,64.0,101.25911188155541,872b54b2-9827-447c-acdb-4ecaa831b187,minecraft:pig,true,Pig,[null]
163.48235910525742,66.0,21.815741454241635,110849cb-3cc6-40f4-a10d-ee5d86f120ab,minecraft:cow,true,Cow,[null]
160.70209917099965,70.0,-17.04793735159025,61756aaa-0ce9-434d-8393-e63a1a29eda5,minecraft:cow,true,Cow,[null]
334.8091898158181,74.0,-16.362458429500954,80ea842e-8ea2-445a-82c9-50e72ee42094,minecraft:sheep,true,Sheep,[null]
338.1603563814528,74.0,-24.160383524894996,b2b6477a-ddad-4a6a-99d7-57bd7c906ce4,minecraft:sheep,true,Sheep,[null]
194.50999999046326,32.0625,-35.5,b76563b5-533e-4676-9777-19c24aa2e8fa,minecraft:chest_minecart,true,Minecart with Chest,[null]
363.609874780633,67.0,184.27206691907062,31b454b6-d4d6-4bee-827a-bbdadd2b6fea,minecraft:parrot,true,Parrot,[null]
131.1966895734162,67.0,-27.407914343261872,1a3a2e9e-8603-4f86-9c45-d9e10ce47d1d,minecraft:chicken,true,Chicken,[null]
150.25215178257798,67.0,-52.242539552997336,0a22f71e-2d3b-4cf9-bbb6-32e6d48f203d,minecraft:wolf,true,Wolf,[null]
129.49035412220562,66.0,25.724552598646863,233a0fab-bc0f-4185-8221-59b71fe850cf,minecraft:pig,true,Pig,[null]
164.7362177275322,68.0,-54.63255015307609,02fd96af-ca17-47a7-bdb3-4aef84234a59,minecraft:wolf,true,Wolf,[null]
277.8134402551193,61.67988848845347,-56.77485009434556,d4d3e86b-9791-4f31-a96f-e0f9bf4142ef,minecraft:fox,true,Fox,[null]
375.4991194805145,74.0,-48.268891724952525,55bce095-8e57-4822-8eff-392a90f0551e,minecraft:sheep,true,Sheep,[null]
127.5,40.0625,-60.5,8a270337-dcbf-4b50-b2b8-463bd7433c34,minecraft:chest_minecart,true,Minecart with Chest,[null]
122.50254978958738,70.0,70.79466062759428,af20dae3-d7e8-48e6-abea-93aef0d76828,minecraft:sheep,true,Sheep,[null]
119.83201375973327,64.49283352746673,77.53598778368008,535e58c7-a6d3-442f-a21d-affe65096e6e,minecraft:wolf,true,Wolf,[null]
96.72892678354764,63.0,170.47091469203042,ca4cf99f-b169-4e0c-a161-a099ac6a759c,minecraft:wolf,true,Wolf,[null]
196.33020230576608,30.0,-67.5,e0dba8f9-e194-498e-97c9-96b18b0b2d9b,minecraft:chest_minecart,true,Minecart with Chest,[null]
96.5,33.0625,214.5,9b7e89ca-f36d-4dc0-87c5-1f04406d72b3,minecraft:chest_minecart,true,Minecart with Chest,[null]
109.92061795668174,62.51011669256483,116.97154859499358,0fbc71d0-d5b3-481a-b655-2df0a1467bdb,minecraft:wolf,true,Wolf,[null]
392.7497375975179,89.0,-75.20171166957029,6bc13f1b-9031-4847-ac21-4818a7ffae1f,minecraft:pig,true,Pig,[null]
384.22153223240355,85.0,-68.20468691457754,7d5b32e8-4d90-4ac4-bc44-d3a92f510afd,minecraft:pig,true,Pig,[null]
387.76624188045656,86.0,-67.48758690065608,7bdfbef4-a6c6-4da1-a6de-b9378bd71517,minecraft:pig,true,Pig,[null]
151.3925031942822,69.0,-74.27727614313982,c9e516b1-1fa2-4cd7-abee-a2775b523e45,minecraft:wolf,true,Wolf,[null]
90.49000000953674,35.0,150.82969226564165,0bef4161-09ba-41a3-b557-fe51b4b2e2df,minecraft:chest_minecart,true,Minecart with Chest,[null]
90.49000000953674,35.0,144.11500000953674,72b1f248-353c-4fd8-8aa5-cf48db7366a9,minecraft:chest_minecart,true,Minecart with Chest,[null]
85.31405307154085,63.0,151.91948205715227,e0e3ba13-32bd-4b62-9985-1189caba24d7,minecraft:chicken,true,Chicken,[null]
293.539439755699,281.9161934473251,-130.79878473770302,6551219c-f1bc-4945-9140-66d0b933fd9b,minecraft:arrow,true,Arrow,[null]
291.61872553884047,280.8269688231997,-128.13038324355625,0600e1ad-7c28-46dd-8b3b-98ec8cb5c9ec,minecraft:arrow,true,Arrow,[null]
294.4895079145642,281.91155612485545,-130.48683319257307,e92352f0-c89d-481d-91f8-6f0d05bb8640,minecraft:arrow,true,Arrow,[null]
303.6484040083365,162.57849565812572,-128.02914504065868,4cdb46ed-0327-41f0-804e-a90c5906c531,minecraft:arrow,true,Arrow,[null]
304.72407369356097,159.14140400210593,-128.02749753037313,37b0b2b7-7c33-4bc8-baa9-a3059677e656,minecraft:arrow,true,Arrow,[null]
305.7808349753087,155.6886832291392,-128.0224146841442,c3c83ebd-93b7-47ef-8cb9-fb4c6295ce5b,minecraft:arrow,true,Arrow,[null]
342.9604599254061,155.88830459998238,-128.74992877802106,1659a631-8468-46c0-8828-d5130d3ee264,minecraft:arrow,true,Arrow,[null]
89.5173473862783,75.0,-41.48910142829216,562f7078-05a9-4db6-9a8c-e224dc2feb1c,minecraft:rabbit,true,Rabbit,[null]
93.4565062046108,64.0,-3.2479878061364222,abf6e8cd-2bb3-42a5-9cb6-0854cc007698,minecraft:sheep,true,Sheep,[null]
77.041157618131,386.86188300645927,-112.73923209270299,5f0f7752-bd7a-4a72-9167-69ea764ac5b9,minecraft:arrow,true,Arrow,[null]
74.75295655332386,385.61666714069463,-112.71127708468484,a8997298-cc99-45d8-9fe5-3ee552100df9,minecraft:arrow,true,Arrow,[null]
152.11500000953674,40.0625,-84.5,3533da6e-7de9-4555-a303-cfb88f3ff07c,minecraft:chest_minecart,true,Minecart with Chest,[null]
84.28805381568922,63.0,139.79772417534403,c2a1b401-6c8e-4f9d-b5ab-0e01747e71a6,minecraft:chicken,true,Chicken,[null]
87.92463515230489,68.0,45.8954859095797,3540d5e3-505c-458e-a7da-8a7871a2de45,minecraft:cow,true,Cow,[null]
103.5718755412165,65.0,61.187039833036835,66f84a16-81e3-4398-a664-178b598cd567,minecraft:cow,true,Cow,[null]
85.35380330760569,68.0,54.39310176479153,cabcad30-6b41-4660-b846-554414f9c86c,minecraft:wolf,true,Wolf,[null]
181.4827838488305,287.662747465526,-129.26403812907674,ac3c4258-2598-4825-9707-43cbac3e1893,minecraft:arrow,true,Arrow,[null]
180.48923058363044,287.6627474645607,-129.15067191693583,50b78234-36d1-405a-a6bc-8580f8ebd150,minecraft:arrow,true,Arrow,[null]
427.258309446422,91.04981762483781,-66.62183887282778,9f73eff2-1848-40e7-a2c7-a078cdfb3461,minecraft:arrow,true,Arrow,[null]
426.6557963090781,90.0498176239315,-67.42319348723969,4be2ffeb-da01-4ddb-bd51-8e5c690c9b39,minecraft:arrow,true,Arrow,[null]
413.50208402272284,65.0,-23.671562661994688,a89073f5-7811-430a-a02e-c4f8a2eb22a3,minecraft:pig,true,Pig,[null]
129.160887981282,64.0,226.90894142577662,8dc5a70e-5c69-48eb-b7ec-e2007cddd454,minecraft:chicken,true,Chicken,[null]
119.90100582162941,66.0,235.875,8be1cd7e-4371-4445-bd69-9cd4e0ff08b1,minecraft:item,true,Egg,[null]
133.80995718550332,64.0,231.74372558993863,a1570e9d-b855-4753-92c8-7fd1f8a59907,minecraft:sheep,true,Sheep,[null]
88.89029175955238,72.0,239.1092164394091,7b2c89ab-c645-429f-a94b-12b28e3a1fdc,minecraft:chicken,true,Chicken,[null]
69.17357845228351,63.0,146.76805487835279,fa5f44f0-5af1-4d63-864e-49f8174abff6,minecraft:chicken,true,Chicken,[null]
69.04181168551602,63.0,146.99077900894798,36887ac1-1f05-4c84-9819-d39871a89459,minecraft:item,true,Egg,[null]
77.53373622932051,63.0,189.29653010450417,81c875c8-6278-4c72-ae33-4250cc6bd47c,minecraft:pig,true,Pig,[null]
430.62522606986647,66.0,141.32649145201694,b4484564-1415-4a7c-a675-4e861d13f22e,minecraft:parrot,true,Parrot,[null]
67.45116737337753,63.0,132.76063411383706,2167b91f-71a9-42b4-8673-1a88f8efaf2b,minecraft:pig,true,Pig,[null]
158.5798247605017,67.0,252.82435614423525,3b48b858-137f-4778-a343-7b4157b270d1,minecraft:chicken,true,Chicken,[null]
111.17710061668531,66.71891367748825,251.92623871297536,04056d86-6063-438d-a7fc-973c11f9ae1f,minecraft:item,true,Egg,[null]
112.98997616454287,66.49213956010364,251.3076936042032,1bf960bc-d2f6-496b-9663-d17399896dc1,minecraft:chicken,true,Chicken,[null]
122.82120796671579,68.0,253.11377899247333,0c68a066-2b8d-4f43-9cca-97c9da97dbb3,minecraft:chicken,true,Chicken,[null]
125.67028755595246,68.0,247.99986638317407,9044f279-fe0b-4968-bc59-d08cab65c1a8,minecraft:item,true,Egg,[null]
76.5,29.0625,16.5,d3293b21-79bd-4862-bf0b-dd6b28a73110,minecraft:chest_minecart,true,Minecart with Chest,[null]
84.76398297889466,66.0,63.53831027438005,eef43282-1bbe-47fe-b257-b6314023a2b5,minecraft:cow,true,Cow,[null]
77.51863700758335,70.0,-38.25223232520536,f9a2cfa6-d6e9-4b79-8ab8-54fd0b9df616,minecraft:wolf,true,Wolf,[null]
233.5,12.0625,-100.5,9adc3f57-a978-4ddf-8903-aa5616c6939d,minecraft:chest_minecart,true,Minecart with Chest,[null]
73.5,38.0625,212.5,e786b03c-9b69-4e4f-87bc-92d9e2c4c0d1,minecraft:chest_minecart,true,Minecart with Chest,[null]
71.79209540109792,71.0,253.7722237813848,46244b80-cf2a-467c-b5a7-58702d6f347b,minecraft:pig,true,Pig,[null]
-8886.699999988079,65.0,-999.3000000119209,acbde3d7-5f63-44a6-9553-c2817b580fba,minecraft:villager,true,Villager,[null]
-8886.700000025332,65.0000002,-999.700000025332,08f4f393-5bb9-4b57-bb85-33e98f37e0e0,minecraft:villager,true,Villager,[null]
-8886.700000025332,65.0000002,-999.700000025332,052ed0d0-1fb8-431c-83ae-da52e32e9acc,minecraft:villager,true,Villager,[null]
-8886.300000011921,65.0,-993.3000000119209,376a78c5-dd27-494b-bf35-9e11986825d1,minecraft:zombie,true,Iron Farm Trigger,Iron Farm Trigger
-8886.700000025332,65.0000002,-987.700000025332,be8505ac-c386-4e0c-bf8d-9b7598b9cc9c,minecraft:villager,true,Villager,[null]
-8886.300000011921,65.0,-987.6999999880791,f28a2239-593b-41aa-af29-70e4a6012d40,minecraft:villager,true,Villager,[null]
-8886.700000025332,65.0000002,-987.700000025332,00ab57e8-cf7c-4e55-ba4f-b59bd4e704df,minecraft:villager,true,Villager,[null]
-8868.79999999702,66.0,-985.020331421381,d07178f1-dfc4-48d0-a86f-69e35e90780a,minecraft:chicken,true,Chicken,[null]
-8868.20000000298,66.0,-985.3271330406234,4d436dae-38b3-41f0-9f39-a56266a4dc79,minecraft:chicken,true,Chicken,[null]
-8868.20000000298,66.0,-984.9251949682167,66009dce-0685-470b-8bcf-e7cedcd76ce3,minecraft:chicken,true,Chicken,[null]
-8868.20000000298,66.0,-984.2000000029802,684026af-d0dc-41c1-9920-8d2104a56b83,minecraft:chicken,true,Chicken,[null]
-8868.20000000298,66.0,-985.4433105291365,49dc6375-73dd-4499-9418-2c1e0eb9c93b,minecraft:chicken,true,Chicken,[null]
-8868.79999999702,66.0,-984.652365517085,05aebda8-37b6-4bcf-9267-c8052a0a8e15,minecraft:chicken,true,Chicken,[null]
-8868.79999999702,66.0,-985.7999999970198,d06ab5d5-801e-4154-812e-afb9a63c9a84,minecraft:chicken,true,Chicken,[null]
-8868.20000000298,66.0,-985.7999999970198,ce9ec536-5f04-4d0d-a414-9d6f7a9307e8,minecraft:chicken,true,Chicken,[null]
-8868.79999999702,66.0,-984.2000000029802,679b3f7f-cfd8-4e69-b901-312101f33666,minecraft:chicken,true,Chicken,[null]
-8868.79999999702,66.0,-985.3641589391739,4982c830-fd8d-4651-8e46-8ce0e5aee499,minecraft:chicken,true,Chicken,[null]
-8868.79999999702,66.0,-985.3152196944642,7a86981d-2721-456e-9c5a-971f0557c4fd,minecraft:chicken,true,Chicken,[null]
-8868.79999999702,66.0,-984.740987480992,91a746fe-d298-45a3-82b4-16b928f59f09,minecraft:chicken,true,Chicken,[null]
-8868.20000000298,66.0,-984.5019969749873,74359849-6adf-479c-b43a-837b3493a184,minecraft:chicken,true,Chicken,[null]
-8868.20000000298,66.0,-985.3971022778741,5128774f-126e-441a-b648-b587938e70e1,minecraft:chicken,true,Chicken,[null]
-8868.79999999702,66.0,-984.2000000029802,77f80f74-64c2-4e9f-85c3-034d3556a176,minecraft:chicken,true,Chicken,[null]
-8868.20000000298,66.0,-984.2000000029802,59591349-59f4-463b-a5d0-5f9dc6e339ef,minecraft:chicken,true,Chicken,[null]
-8868.79999999702,66.0,-985.7999999970198,c0493013-e9d4-48cd-8c1b-2198c2d017f6,minecraft:chicken,true,Chicken,[null]
-8868.79999999702,66.0,-985.7999999970198,639621e2-125e-46df-9af6-8c2bd69bf78e,minecraft:chicken,true,Chicken,[null]
-8868.20000000298,66.0,-985.7999999970198,a4778186-ffac-42e5-b856-353754ff7712,minecraft:chicken,true,Chicken,[null]
-8868.79999999702,66.0,-985.7999999970198,7cdca721-ea66-4559-9fa3-935a7d2a2817,minecraft:chicken,true,Chicken,[null]
-8868.20000000298,66.0,-985.7999999970198,cff42853-26c4-46ca-82ba-7a448b8581f7,minecraft:chicken,true,Chicken,[null]
-8868.79999999702,66.0,-984.2000000029802,e117f4ff-bbe5-4e50-8f2b-593b17a48761,minecraft:chicken,true,Chicken,[null]
-8868.20000000298,66.0,-984.5944732554208,5994b799-607d-42ff-8630-85e6edb2049e,minecraft:chicken,true,Chicken,[null]
-8868.20000000298,66.0,-984.9058519420594,a64cb4f3-29d5-48d4-b9da-51a88e02744f,minecraft:chicken,true,Chicken,[null]
-8868.20000000298,66.0,-984.2000000029802,892eedc5-768c-4274-8c67-8832d6bc0e6c,minecraft:chicken,true,Chicken,[null]
-8869.5,64.0,-980.5,c854daca-28f2-4c29-a88f-c6f0f0df77b6,minecraft:armor_stand,true,Armor Stand,[null]
-8892.45171402883,74.0,-947.4116676418591,5e3d47e5-b11c-407c-94a1-770379808cd1,minecraft:cat,true,Generic Cat Name,Generic Cat Name
-8908.848494513779,70.0,-940.1243294871877,4fcfb851-ad57-41a1-a974-cc9992665b2b,minecraft:skeleton_horse,true,Generic Horse Name,Generic Horse Name
-8853.5,6.0,-892.2400000095367,bc9cdfed-b6fd-4a13-87fa-452e6eb4f1aa,minecraft:hopper_minecart,true,Minecart with Hopper,[null]
-8853.5,7.177500009536743,-891.8849999904633,7faad213-ab09-4b15-8c39-b416a8152257,minecraft:hopper_minecart,true,Minecart with Hopper,[null]
-8840.490000009537,9.0,-888.4900000095367,bcce87f1-8dd9-4977-b370-d85029ab38bf,minecraft:minecart,true,Minecart,[null]
-8840.490000009537,9.14,-888.4900000095367,3a88ca67-7e96-4915-8487-b118878ed27d,minecraft:cat,true,Cat,[null]
-8840.490000009537,12.0,-888.5,a489a81e-7bda-42a2-8b56-221cbdadafce,minecraft:minecart,true,Minecart,[null]
-8840.490000009537,12.14,-888.5,30c4f548-a760-45c9-8a6c-c52b35effda5,minecraft:cat,true,Cat,[null]
-8840.5,15.0,-888.5099999904633,baacd76b-627f-4969-9144-e62df18dc406,minecraft:minecart,true,Minecart,[null]
-8840.5,15.14,-888.5099999904633,400bf76b-afe4-402c-a58b-2e92683765da,minecraft:cat,true,Cat,[null]
-8840.5,18.0,-888.4900000095367,b57123c6-c2b6-45d5-b467-a573dcef4cc8,minecraft:minecart,true,Minecart,[null]
-8840.5,18.14,-888.4900000095367,12474b86-7742-4df7-ae01-b3e87a165744,minecraft:cat,true,Cat,[null]
-8840.5,21.0,-888.5099999904633,54ea5111-94b6-4bc2-afbf-dc4decd69f44,minecraft:minecart,true,Minecart,[null]
-8840.5,21.14,-888.5099999904633,8f19210d-bdfb-44bd-bad6-6ef24c1bc037,minecraft:cat,true,Cat,[null]
-8840.490000009537,24.0,-888.5,4f840836-e18a-4506-9c16-0cd92538befe,minecraft:minecart,true,Minecart,[null]
-8840.490000009537,24.14,-888.5,a122c0db-8ca9-4a8f-9ad9-cfc21668a990,minecraft:cat,true,Cat,[null]
-8840.5,27.0,-888.5099999904633,eecc98df-bcbd-482f-b722-220e99d33c2e,minecraft:minecart,true,Minecart,[null]
-8840.5,27.14,-888.5099999904633,ffc84bcf-2b8b-4933-9ea9-4b25bf81a727,minecraft:cat,true,Cat,[null]
-8840.5,30.0,-888.4900000095367,b91820d0-9bb4-4caf-a5c3-edc9651dcf9f,minecraft:minecart,true,Minecart,[null]
-8840.5,30.14,-888.4900000095367,06b690b2-13b5-4f47-89f3-e038ac5c090c,minecraft:cat,true,Cat,[null]
-8840.5,33.0,-888.5099999904633,a72edceb-ffbe-4bdd-9eeb-04f18e667983,minecraft:minecart,true,Minecart,[null]
-8840.5,33.14,-888.5099999904633,507b60e2-a9f6-481a-8d18-27c5e360bf9f,minecraft:cat,true,Cat,[null]
-8840.5,36.0,-888.5099999904633,7496f468-ed11-4c4c-a824-0a1fd2da1ed8,minecraft:minecart,true,Minecart,[null]
-8840.5,36.14,-888.5099999904633,be33a3bf-3678-4cf6-a072-3e8c06a284b0,minecraft:cat,true,Cat,[null]
-8807.324999988079,7.0,-963.6750000119209,977ab112-6013-4fa1-9969-346caadd3e04,minecraft:iron_golem,true,Iron Golem,[null]
-8808.680042115713,5.0625,-961.5,c4198470-2838-4a48-93fd-2366c317bb7a,minecraft:hopper_minecart,true,Minecart with Hopper,[null]
-8794.796482183761,41.0,-940.802732751669,467ce0d7-9259-4c34-8aeb-743c0efef688,minecraft:zombie,true,Zombie,[null]
-8958.143892522354,85.49289166148812,-966.2353596376756,e3ce014b-d302-4276-b4f5-10a3fc140860,minecraft:mooshroom,true,Mooshroom,[null]
-8953.219344215371,89.0,-970.8592032313747,3dd85a67-effd-489c-865a-6c8e4c2ca4b8,minecraft:mooshroom,true,Mooshroom,[null]
-8947.21680339898,87.0,-978.8567633326657,df62246c-0d0a-4ee8-8c11-f095cd0f8c2f,minecraft:mooshroom,true,Mooshroom,[null]
-8950.235776992411,89.0,-969.8225108131755,76722005-7989-4c3d-94df-094eff212752,minecraft:mooshroom,true,Mooshroom,[null]
-8788.699999988079,19.0,-982.9185721144797,1cb351d0-17df-4467-9670-878d664be7fe,minecraft:zombie_villager,true,Zombie Villager,[null]
-8788.699999988079,19.0,-982.3000000119209,1ef7134e-5dcf-4a2d-b950-52bd98d4960a,minecraft:zombie_villager,true,Zombie Villager,[null]
-8788.699999988079,19.0,-983.6848597031546,9a911980-af01-4d93-b557-a61c8bf9d6e1,minecraft:zombie_villager,true,Zombie Villager,[null]
-8796.490000009537,32.0,-979.1150000095367,1a9d3799-c198-460f-88e5-c79c964167c2,minecraft:chest_minecart,true,Minecart with Chest,[null]
-8950.136945340486,84.0,-1011.1320865400797,2cb130ea-17c5-4d60-b2ce-6530bdab6a64,minecraft:mooshroom,true,Mooshroom,[null]
-8951.583629354473,81.0,-1032.449999988079,1072a68f-02e1-4b10-a0c9-51805135969a,minecraft:mooshroom,true,Mooshroom,[null]
-8954.410059370144,80.0,-1032.781146889698,c047991e-7974-417f-a56e-1b6cc99c136a,minecraft:mooshroom,true,Mooshroom,[null]
-8950.45940285387,82.0,-1031.672466708926,92868949-4d9a-45bd-96d9-f83aebb2cdd4,minecraft:mooshroom,true,Mooshroom,[null]
-8796.300190206632,20.0,-1024.487059881274,5f929c46-3f5e-4524-9806-eebeb98eadd0,minecraft:zombie_villager,true,Zombie Villager,[null]
-8797.180986109839,21.0,-1015.5015547858857,d1e3e3b3-6b36-42a9-a4cc-139269c5aff3,minecraft:zombie,true,Zombie,[null]
-8795.281040146449,39.0,-1006.4994937601626,f4715a8d-7261-4e06-8802-55608f6c7d69,minecraft:zombie_villager,true,Zombie Villager,[null]
-8780.471191526443,46.0,-1003.8222162181936,7d2b235b-b238-470f-9025-3dc223011e93,minecraft:zombie_villager,true,Zombie Villager,[null]
-8772.485893058854,33.0,-977.230245803772,442eb2ba-1bff-4474-ad16-710bf4f1d28a,minecraft:zombie,true,Zombie,[null]
-8967.8474453914,83.0,-943.5131961383303,dc9fb723-29f9-494f-91fa-3c807833d1cd,minecraft:mooshroom,true,Mooshroom,[null]
-8973.191571971684,87.0,-907.4743217032155,2de2af1b-e1ee-467b-92a1-c43b1b6f8c94,minecraft:mooshroom,true,Mooshroom,[null]
-8973.651638340316,86.0,-957.4499999880791,c688493c-f96b-4276-883c-074c890c1d14,minecraft:mooshroom,true,Mooshroom,[null]
-8967.828681738803,92.0,-948.1359897604308,8e016250-bf18-4a01-98a9-c007c5e883f4,minecraft:mooshroom,true,Mooshroom,[null]
-8973.15618304787,83.0,-989.6908539963244,77e5667e-c885-489f-bb1d-b3f5208df724,minecraft:mooshroom,true,Mooshroom,[null]
-8954.834762385688,80.0,-997.1698339082587,f469b49e-df96-40b6-86cf-efce739ab851,minecraft:mooshroom,true,Mooshroom,[null]
-8956.557448811429,77.0,-1036.8109945496649,d8a026f3-f358-4222-b593-0bb5346e8078,minecraft:mooshroom,true,Mooshroom,[null]
-8955.593094191987,77.0,-1036.6392243448902,6cffc411-60a3-4a55-8f79-9aafb0bf63ae,minecraft:mooshroom,true,Mooshroom,[null]
-8960.810314041335,72.0,-1042.481606159592,79f234f4-6233-4afc-9330-55a2d4706f5d,minecraft:mooshroom,true,Mooshroom,[null]
-8960.292036465813,85.56154591522377,-964.8743588529413,d72a86a3-1c1e-4f70-9427-2293d71cb098,minecraft:mooshroom,true,Mooshroom,[null]
-8961.532420030142,88.0,-968.767639308997,dc11c1bc-8d7e-40ce-a62d-2b66ea35cd5c,minecraft:mooshroom,true,Mooshroom,[null]
-8964.782821841198,87.0,-965.8428703404451,23122a22-ff22-4dcc-ac21-e52ce134867a,minecraft:mooshroom,true,Mooshroom,[null]
-8965.14638133184,88.0,-960.2288166589864,a86b61b4-b27b-4dc6-9544-ab22f4893645,minecraft:mooshroom,true,Mooshroom,[null]
-8786.509999990463,29.0,-1049.8849999904633,a9b26865-1d01-4c6a-b064-ca58dc14f270,minecraft:chest_minecart,true,Minecart with Chest,[null]
-8929.80267980203,78.0,-1063.4938168407728,b6186723-f953-4d1e-aaa6-b712d5668fcc,minecraft:mooshroom,true,Mooshroom,[null]
-8903.20036941312,64.0,-1067.149495087432,02a4da48-f029-4d2a-8f46-0e0260782e3b,minecraft:mooshroom,true,Mooshroom,[null]
-8987.562560722921,78.0,-879.7718043271728,8c22a56e-c263-4813-9260-a14c3ede958c,minecraft:mooshroom,true,Mooshroom,[null]
-8985.193689580095,77.0,-888.5201512545806,677496f3-3956-4b50-a0fb-4e9b629b924f,minecraft:mooshroom,true,Mooshroom,[null]
-8906.518706422452,72.0,-1078.8137741055864,dd072a46-d4c5-44f7-8b54-c173f469c7f1,minecraft:mooshroom,true,Mooshroom,[null]
-9007.275899894175,84.0,-898.5268918842718,30f020ca-af09-47b9-8474-2d5279454945,minecraft:mooshroom,true,Mooshroom,[null]
-9005.322398901835,85.0,-898.9846738243725,f920fc42-c59c-4612-9d4e-f152d057ce69,minecraft:mooshroom,true,Mooshroom,[null]
-9011.283763676087,84.0,-921.3308868043953,24fed105-eafd-48e0-acf3-6cac53af1974,minecraft:mooshroom,true,Mooshroom,[null]
-9019.595892249461,89.0,-966.2243573965618,1e1c6a99-f843-48a5-9bb4-6168010360b5,minecraft:mooshroom,true,Mooshroom,[null]
-9022.518966835883,84.0,-973.7336354477762,da2e58ab-f7a0-488c-9c80-bda816e1b191,minecraft:mooshroom,true,Mooshroom,[null]
-9013.717153789712,91.0,-962.3244468645348,ca2211d5-08e9-469c-9146-f1e86c8c21cf,minecraft:mooshroom,true,Mooshroom,[null]
-9020.236498315619,89.0,-962.1613484505883,f60dc1af-9781-459b-9190-9d90a179da07,minecraft:mooshroom,true,Mooshroom,[null]
-8908.4668535011,64.0,-1095.7816506066972,ede83956-09b3-4776-83f6-fa2f114492f1,minecraft:mooshroom,true,Mooshroom,[null]
-8952.802670647372,68.0,-1088.5055889826567,6129825b-870d-4cef-a2c4-5e8607e4d1b6,minecraft:mooshroom,true,Mooshroom,[null]
-8906.182407997354,67.0,-1089.507166627369,0d108ee2-881a-4423-a497-0b3eee0f78cd,minecraft:mooshroom,true,Mooshroom,[null]
-9025.80926271214,78.0,-898.4427099334042,056f86f4-83f8-4bab-8e06-19e1e80359b9,minecraft:mooshroom,true,Mooshroom,[null]
-8701.70351268913,25.0,-1070.5099999904633,3c8f23ac-4338-4461-8252-48dfef32def2,minecraft:chest_minecart,true,Minecart with Chest,[null]
-9046.865195000068,68.0,-980.8758634105209,d1521446-8396-41a4-9331-05e02c0aeec3,minecraft:mooshroom,true,Mooshroom,[null]
-8695.5,21.0625,-1093.5,d9f425c4-eb81-437f-8959-128d82a1fecd,minecraft:chest_minecart,true,Minecart with Chest,[null]
-8756.5,26.0625,-1161.5,1b7c093a-f0eb-4d0b-888c-fd8bc00ffe2e,minecraft:chest_minecart,true,Minecart with Chest,[null]
-8751.5,26.0625,-1167.5,4f41c7e3-5f0d-4a78-ac72-761764da8755,minecraft:chest_minecart,true,Minecart with Chest,[null]
-9028.5,21.0625,-1168.5,20c51227-e62e-4349-b4b4-3e45c4efe0d4,minecraft:chest_minecart,true,Minecart with Chest,[null]
-8737.5,26.0625,-1180.5,890eca51-c5a8-4860-8ead-6dfa66852e74,minecraft:chest_minecart,true,Minecart with Chest,[null]
-8713.893849494325,57.91929415404867,-1183.303863135714,e0a4b254-bfbf-480e-9cf2-bd5f23ae7cc7,minecraft:drowned,true,Drowned,[null]
-8713.519367709845,48.06708137347702,-1171.5272491228611,df20b16c-c094-48f3-aad7-a65d502be0ef,minecraft:drowned,true,Drowned,[null]
-8696.657382994284,59.810811482188925,-1183.263670161669,41d29e21-1d55-4f3d-8ab6-1f7156861e9d,minecraft:item,true,Rotten Flesh,[null]
-8687.219946916142,38.75815631027351,-913.1665049894333,dc0b272c-412e-49ed-b3b0-415d034fde9e,minecraft:drowned,true,Drowned,[null]
-8679.38175672474,37.0193191171978,-984.5553168820724,45255945-cab4-4bb3-a8f3-7382e1460c84,minecraft:cod,true,Cod,[null]
-8686.341670402851,54.81362831234629,-1175.379769919335,56ccf774-c863-4835-a39d-3c52d73d5017,minecraft:drowned,true,Drowned,[null]
-8793.300000011921,25.0,-1038.300000011921,02ef43aa-2757-4ead-b34b-74f35c41be94,minecraft:zombie,true,Zombie,[null]
-8847.69472319904,7.0,-886.163641262454,efe065c5-208e-4602-8b00-9257b1fb7638,minecraft:item,true,Gunpowder,[null]
-8833.946472077308,7.0,-890.1574236445483,89ed2be6-78b8-402e-b1d5-8db369f6da13,minecraft:item,true,Gunpowder,[null]
-8844.19213037431,7.0,-894.4363427452494,4a6b2e58-8710-492f-878c-d750b05ebd91,minecraft:item,true,Gunpowder,[null]
-8833.51173640884,7.0,-891.6651369247625,153e1472-fb85-4c56-8de7-0e13a23935e3,minecraft:item,true,Gunpowder,[null]
-8842.741315813057,7.0,-881.125,68ce34ad-d5c7-4ea4-b49c-7096f2847903,minecraft:item,true,Gunpowder,[null]
-8837.19709986503,7.0,-881.4194176784271,c3b40e62-4b58-4f1a-ae65-3468ada8f427,minecraft:item,true,Gunpowder,[null]
-8847.875,7.0,-889.7288663577393,b365d2c0-1938-49da-82bc-f5f5ff4178ed,minecraft:item,true,Gunpowder,[null]
-8843.615431166165,7.0,-881.125,62b5ec5e-c5bc-4589-8e40-d2e612fad891,minecraft:item,true,Gunpowder,[null]
-8836.125,7.0,-895.875,c414f753-d2cf-4d9f-8e95-98a64248d76b,minecraft:item,true,Gunpowder,[null]
-8844.875,7.0,-895.4082676236034,5279336d-b32b-445c-8e2d-f14678cd53c1,minecraft:item,true,Gunpowder,[null]
-8847.830571071838,7.0,-888.363531869009,e4e87078-1677-4d4b-aa65-ae783ad119a8,minecraft:item,true,Gunpowder,[null]
-9063.848708496876,66.0,-888.7789512145896,8193f1b8-d467-4261-924e-e550641ad99c,minecraft:mooshroom,true,Mooshroom,[null]
-9068.778949122769,69.0,-866.84873966044,5f7e6ae4-e608-49d9-8a1b-b3ebaea86ec8,minecraft:mooshroom,true,Mooshroom,[null]
-8833.125,7.0,-888.2242103030018,c73b9a3b-673b-4c80-96b1-651ad7b2728d,minecraft:item,true,Gunpowder,[null]
-9077.848661130833,65.0,-909.2211792352277,6a01e9da-5b4b-4566-bfc8-2914f6ad50e8,minecraft:mooshroom,true,Mooshroom,[null]
-9095.822675399197,67.0,-899.4315126115774,757bf29b-e1ea-4be5-ae5d-ebaebf2e14f4,minecraft:mooshroom,true,Mooshroom,[null]
-9088.013616327135,65.0,-931.9851613969884,3e121065-e63d-4e17-a2f0-bfec2648c8c4,minecraft:mooshroom,true,Mooshroom,[null]
-9111.783696772296,68.0,-1016.1418219059217,a7371962-8338-42ef-b2d7-d204a12daf06,minecraft:mooshroom,true,Mooshroom,[null]
-9114.489114194314,67.0,-1014.5500000119209,2c34847d-0755-440f-aef4-bd277c8871ab,minecraft:mooshroom,true,Mooshroom,[null]
-9114.43407148064,68.0,-1017.577286860086,dc45eb73-68a3-4d5a-8862-d2dff56d812d,minecraft:mooshroom,true,Mooshroom,[null]
-9113.454869291285,67.0,-1014.4567103524525,8de14756-5d6b-4489-8c00-b82147af5e5a,minecraft:mooshroom,true,Mooshroom,[null]
-9108.44006480015,64.0,-1004.2053682958865,128278ab-e4f9-4a96-8fa2-3dd17d80feb7,minecraft:mooshroom,true,Mooshroom,[null]
-9104.13408832128,65.0,-1005.8502569703812,49fe6aeb-9dcb-4ffa-a37e-08c4a9d963c8,minecraft:mooshroom,true,Mooshroom,[null]
-9114.036497353161,67.0,-898.5385150413382,ce94de2a-0246-49de-9a84-16f98f9d81c1,minecraft:mooshroom,true,Mooshroom,[null]
-9118.832076194443,74.0,-877.5693788597854,5ad8ace9-cf44-4959-b9cc-c74a20a1e891,minecraft:mooshroom,true,Mooshroom,[null]
-8837.941140963409,7.0,-895.875,681e7428-ff72-4279-b992-2931f3298d43,minecraft:item,true,Gunpowder,[null]
-9119.764644510964,31.0,-1183.4023606744904,52e67770-f938-4e12-9116-f8758ec8802a,minecraft:drowned,true,Drowned,[null]
-8846.125,7.0,-884.5864536382866,3f5b9b75-8035-4e3c-acc0-5836ab55bb8e,minecraft:item,true,Gunpowder,[null]
-8836.806274399712,7.0,-894.7559905902621,a38aa34a-c7f4-4e5a-8ada-9e3543fcfc9f,minecraft:item,true,Gunpowder,[null]
-8832.698323707158,9.0625,-892.4447065428882,00eb553c-fa8b-41d3-89fa-96b86b1deb6a,minecraft:item,true,Gunpowder,[null]
-8843.988314331922,7.0,-895.5092469956408,2ff4fc82-5638-4090-a2f7-ec0c561f838f,minecraft:item,true,Gunpowder,[null]
-8847.335948816513,7.0,-892.875,cfec92fc-aa3a-4e21-8239-d9da83537c3c,minecraft:item,true,Gunpowder,[null]
-8842.307490752788,7.0,-882.2332878390795,b5ad760c-7ca7-4f7f-9c5e-bf18a339da45,minecraft:item,true,Gunpowder,[null]
-8833.163160846902,9.0,-889.2682891861133,4e51d8eb-3fa0-47a7-84cc-85e11d283c08,minecraft:item,true,Gunpowder,[null]
-8838.670715502272,7.0,-881.3514164196607,b4d83f48-4958-41d2-8ec2-aa3bfae533ad,minecraft:item,true,Gunpowder,[null]
-8847.166536050583,7.0,-891.097316150298,0fdb84d8-4d33-43a9-9ecf-c73e0c06f649,minecraft:item,true,Gunpowder,[null]
-8846.552786299688,7.0,-889.7562723094061,09543f05-6baa-4740-a9ac-264f78cd9c1f,minecraft:item,true,Gunpowder,[null]
-8833.277475622961,7.0,-884.4330101614099,27ecc2b5-cf5b-4843-8cd0-64b5b062af94,minecraft:item,true,Gunpowder,[null]
-8838.918254099091,7.0,-894.8123105412111,003f2a9c-9e3c-47a6-808b-4fee1d22318a,minecraft:item,true,Gunpowder,[null]
-8847.72260893273,9.0,-892.3583771747326,65fc9e5e-c22c-4675-b7a6-e9de60eb0227,minecraft:item,true,Gunpowder,[null]
-8847.875,7.0,-884.6136415275051,0d6d7ddb-66c8-40f6-979e-3a489b061a68,minecraft:item,true,Gunpowder,[null]
-8834.875,7.0,-888.2431419102807,eba3025f-6d7d-48af-b4fa-53f32a0e4323,minecraft:item,true,Gunpowder,[null]
-8834.436135150698,7.0,-884.6995460124432,b9b57864-13e7-49ac-a0b6-21e95e919c6c,minecraft:item,true,Gunpowder,[null]
-8808.44265543838,7.0,-959.1185401857872,f3a555bf-a791-4887-894e-7133955d232b,minecraft:item,true,Slimeball,[null]
-8846.167931908421,7.0,-891.8546352894145,b192e6ae-d2cb-4d10-94db-2137b7725575,minecraft:item,true,Gunpowder,[null]
-8838.07554621509,7.0,-882.4134565724556,cf3e8136-c540-4519-a6a0-a64c1d0f60e4,minecraft:item,true,Gunpowder,[null]
-8841.755534917824,7.0,-894.8567145129146,f53e5464-4b98-4984-b7b5-5ac5dbd47b89,minecraft:item,true,Gunpowder,[null]
-8840.584324949563,7.0,-882.727989091036,0e96e64a-ae8b-4e69-80e9-39d952fbb060,minecraft:item,true,Gunpowder,[null]
-8843.946299473238,7.0,-882.1981955362502,e0dfa2b2-787c-438d-aa2c-1cf12303fe73,minecraft:item,true,Gunpowder,[null]
-8834.399563503559,7.0,-886.4411091911941,775913fd-8a6c-4c71-9f91-5d06423887e0,minecraft:item,true,Gunpowder,[null]
-8839.469541800996,7.0,-881.9908799944725,e6c46895-4bde-409e-8b2a-51fcee78f2e5,minecraft:item,true,Gunpowder,[null]
52.5,28.0625,220.5,e2779eda-1b9d-4e5e-8225-35b14f1d6473,minecraft:chest_minecart,true,Minecart with Chest,[null]
60.5,37.0625,237.5,7d747ac9-1350-422e-9da8-474d340ffe75,minecraft:chest_minecart,true,Minecart with Chest,[null]
50.859513748087146,63.0,32.24033518898933,a0a3ad54-3e15-40e6-b58d-7df5a1947372,minecraft:cow,true,Cow,[null]
48.22902193325048,61.61291754800511,57.348232583700764,72241cd0-3f18-42bf-bdfb-2ad394f0bc0f,minecraft:cow,true,Cow,[null]
245.5,14.0625,-121.5,6f8094a2-1ad3-4bdd-99f2-e8c93763d3ec,minecraft:chest_minecart,true,Minecart with Chest,[null]
236.5,13.0625,-114.5,a0a687f2-d7ea-4c94-8a03-68ccf96a626f,minecraft:chest_minecart,true,Minecart with Chest,[null]
381.58128610665096,76.0,-122.93237758678804,2bba1d27-ec8b-4dc3-bf93-c96332a48571,minecraft:chicken,true,Chicken,[null]
37.91256304803346,63.0,160.10563813821844,14fa00df-e527-45af-917f-cd70f05388d5,minecraft:chicken,true,Chicken,[null]
43.5,31.0625,122.5,b7206b64-53a8-41b8-a1fd-3575bcf5509b,minecraft:chest_minecart,true,Minecart with Chest,[null]
46.78428581935294,64.0,99.75257386214608,233b8aa9-72eb-49be-a72e-d8d301c226a2,minecraft:pig,true,Pig,[null]
47.5,39.0625,-120.5,8e06dd38-b5e0-4d10-8c17-fd58fa9be641,minecraft:chest_minecart,true,Minecart with Chest,[null]
39.78774672305547,73.0,-114.41904861497743,dd184ecb-1213-46ad-bfdc-d20b3bc8bd87,minecraft:cow,true,Cow,[null]
43.5,29.0625,217.5,222a6bf5-2ea0-446d-acfe-d66508e5deaf,minecraft:chest_minecart,true,Minecart with Chest,[null]
38.51188888266015,64.0,218.37264192474836,86ab8ce8-d5dc-4d5e-a8de-d23f1ae53ff9,minecraft:wolf,true,Wolf,[null]
27.5,30.0625,4.5,b4681535-f13c-4d13-8b20-c9d646b477ef,minecraft:chest_minecart,true,Minecart with Chest,[null]
23.5,19.0625,7.5,f32ab5c5-abc8-436e-8117-d740a0739620,minecraft:chest_minecart,true,Minecart with Chest,[null]
22.36805300247749,62.51120203984572,90.58769598991394,d75a2755-f253-4dba-9646-8db058df6b1e,minecraft:wolf,true,Wolf,[null]
23.5,43.0625,-35.5,616c41af-27df-4f2f-a3a3-7700f7668556,minecraft:chest_minecart,true,Minecart with Chest,[null]
23.780766184778393,68.0,-74.5493299039397,80f1bc67-330d-4ac1-b55b-147c3c1a6c1f,minecraft:cow,true,Cow,[null]
27.84309784070623,64.0,180.15678660752823,7b50e9e4-86d5-48bf-8b83-f9dc5a53e19c,minecraft:wolf,true,Wolf,[null]
22.428748283958576,66.0,178.54682567013043,7081378f-d4d6-48f0-8d1f-748c99399010,minecraft:chicken,true,Chicken,[null]
28.57926036835984,68.0,236.4992514287741,5e9c35ee-14c6-4823-bc76-38b9e269306a,minecraft:wolf,true,Wolf,[null]
22.5,17.0625,133.5,9404dbf9-70f1-43e7-901e-4cc42204685a,minecraft:chest_minecart,true,Minecart with Chest,[null]
28.2790116382745,63.0,144.24634061009462,4a017d11-c4c2-40a5-ae53-802108f7faf5,minecraft:pig,true,Pig,[null]
30.5,43.0625,-113.5,7b709380-45c5-443a-83ea-a747687de850,minecraft:chest_minecart,true,Minecart with Chest,[null]
4.095232835022303,66.0,205.08322267898876,6dfc98d8-0a7a-4ca8-a757-60f573750c00,minecraft:wolf,true,Wolf,[null]
4.5,17.0625,141.5,92fa6ee3-b3de-42fa-ba5f-7a605e9e7ea4,minecraft:chest_minecart,true,Minecart with Chest,[null]
11.300000011920929,67.0,214.57865792327743,0aafe033-46ea-4a8b-8810-e5e293a36545,minecraft:wolf,true,Wolf,[null]
7.297158862369835,64.0,58.48894740179301,ad2d4136-6e35-43b6-893c-c8af61b9b468,minecraft:item,true,Egg,[null]
5.5,28.0625,-14.5,4c34adb8-823e-45f6-bad7-ebb1bff123cc,minecraft:chest_minecart,true,Minecart with Chest,[null]
4.017600197211911,64.0,59.14548586175037,2ae10970-9f85-4b69-a207-572a4c168822,minecraft:rabbit,true,Rabbit,[null]
-4.127470123561921,64.0,68.14533677159511,37365baf-7512-4413-92ca-fcf9ce17bd44,minecraft:chicken,true,Chicken,[null]
-4.5,22.0625,104.5,dd995be0-46b7-44bd-9bca-fec511bba93e,minecraft:chest_minecart,true,Minecart with Chest,[null]
-7.203491106875195,70.0,-112.44492852767274,d0bca9eb-04f2-4cbb-bb84-f7b563ba8ad1,minecraft:cow,true,Cow,[null]
-0.5,19.0625,0.5,e7565475-469e-4789-964e-b246d622b2d9,minecraft:chest_minecart,true,Minecart with Chest,[null]
-1.5,28.0625,-12.5,70bd7ade-4714-4de3-921c-ba6f51c6bd26,minecraft:chest_minecart,true,Minecart with Chest,[null]
-21.268756390636497,72.0,17.284212650280153,cecdc10c-0802-49c8-adb7-3d6e710a51c8,minecraft:fox,true,Fox,[null]
-20.839407522550673,66.0,70.16038117307684,81284fcd-6746-4155-8d1d-4222a85dbcb5,minecraft:sheep,true,Sheep,[null]
-38.5,19.0625,142.5,da119414-4b96-480f-bbe0-d7b8237905e7,minecraft:chest_minecart,true,Minecart with Chest,[null]
-35.5,13.0625,82.5,3dda0afd-7bb6-4dbc-9963-3280486eb9a7,minecraft:chest_minecart,true,Minecart with Chest,[null]
-35.5,14.0625,-3.5,e82884af-8be5-4c57-b847-66f37901c792,minecraft:chest_minecart,true,Minecart with Chest,[null]
-32.5,21.0625,-3.5,f6e2a87b-f41d-4cbe-8419-ed653a3f9740,minecraft:chest_minecart,true,Minecart with Chest,[null]
-38.5,20.0625,14.5,5055cb80-2d3f-43cf-8280-f3ed95a2d223,minecraft:chest_minecart,true,Minecart with Chest,[null]
-58.10988039721667,70.0,101.875,5218304f-9fc8-4978-bb51-fc88c28b8c7a,minecraft:item,true,Diorite,[null]
-56.764066633611456,70.0,101.5948491659926,bedbf15c-1808-4c00-8a68-40f4056be0e6,minecraft:item,true,Spruce Log,[null]
-56.60568945027263,70.0,106.37740458603021,e13f5c21-d382-4f07-85e1-258b0db87f4b,minecraft:item,true,Stick,[null]
-56.125,70.0,103.17059296614185,45a75d07-62e0-4de3-a53f-3c4a2c812de8,minecraft:item,true,Stick,[null]
-53.217830360493814,71.0,104.125,5cc511d8-ee3c-4123-987b-5ffcc1f8927f,minecraft:item,true,Spruce Sapling,[null]
-58.526630710804056,69.0,104.42078191945117,6a7c90e5-6b2b-4429-91e7-0dae48613a74,minecraft:item,true,Stick,[null]
-53.791699001257136,98.0,-12.79215498291367,143678d6-a58c-4470-8f82-5b1d57ecddbd,minecraft:sheep,true,Sheep,[null]
-63.5,13.0625,14.5,3ae85e6e-c00f-4117-b6bd-ae5c77231da5,minecraft:chest_minecart,true,Minecart with Chest,[null]
-69.44499186492612,79.0,-36.78311254747228,f58168b3-ff82-4843-8cb8-ada7fa947b6b,minecraft:fox,true,Fox,[null]
-72.5,7.0625,-12.5,54d8f2a2-88d9-4dcb-8366-a0f9f2d55d64,minecraft:chest_minecart,true,Minecart with Chest,[null]
-63.872372395529815,79.0,30.074887425609436,2a4b194d-f469-4458-85ab-044285d25837,minecraft:chicken,true,Chicken,[null]
-77.21855370961282,72.0,25.64255514988362,e83d2cd2-3b09-42eb-ac63-88619bdb0b67,minecraft:item,true,Egg,[null]
-74.875,67.0,92.875,babaf7df-2622-423c-b1dc-d3af92b4b6bd,minecraft:item,true,Spruce Sapling,[null]
-71.73395117355341,68.0,90.48861344507708,5c717638-e2c8-4034-8760-968232094d57,minecraft:item,true,Spruce Sapling,[null]
-72.125,68.0,94.125,bceb5c4a-1eb1-43d8-8e96-b53918bf6d3b,minecraft:item,true,Spruce Sapling,[null]
-73.90558679552622,68.0,90.37322031349287,f65d0e26-e5a8-4de3-8836-d239e0e693fc,minecraft:item,true,Spruce Sapling,[null]
-95.90383122576948,120.0,-75.50861676056101,a5374390-f9f1-4e97-af3f-942c872f3bdc,minecraft:llama,true,Llama,[null]
-93.46198754252438,75.0,32.87980833362085,f6fce477-8fc6-4629-a2c6-5b0a03eaf8ca,minecraft:chicken,true,Chicken,[null]
-93.2124741245719,75.0,32.881064628560694,e6eb16a3-fd19-4fb8-9fc7-2e97327ecdb6,minecraft:item,true,Egg,[null]
-89.79253278669627,72.0,45.7265501531074,4ad9bd3f-e302-4c04-92e3-c2db2f6d5d1c,minecraft:chicken,true,Chicken,[null]
-92.77038970710267,65.0,223.81814195239681,64ebaba2-377a-4663-94dd-a4b7ec4f6911,minecraft:pig,true,Pig,[null]
-96.5,12.0625,39.5,29c5c28e-390e-456c-9063-aee26a569a85,minecraft:chest_minecart,true,Minecart with Chest,[null]
-107.84918165303199,75.0,34.841748694625416,be02ba90-0c68-4423-b4e1-7789524d4747,minecraft:item,true,Egg,[null]
-106.21000015069225,74.0,38.269882888042105,c1069238-cb5f-479b-aadb-f9ac48dc1351,minecraft:sheep,true,Sheep,[null]
-96.5,12.0625,49.5,df17d69e-beb3-48e0-bf48-cab2ffc6fa47,minecraft:chest_minecart,true,Minecart with Chest,[null]
-96.5,44.0625,84.5,aae748bc-88bc-4ff3-a263-3fb79f207151,minecraft:chest_minecart,true,Minecart with Chest,[null]
-105.15128428215021,76.0,27.830854028452112,ded5d29d-169e-4988-ad77-7f816df85e5b,minecraft:chicken,true,Chicken,[null]
-96.66329063847539,120.0,-75.51231004897892,5b8ae949-e409-40a4-9175-0d1a9f528c31,minecraft:llama,true,Llama,[null]
-107.4969890727616,124.0,-64.61626563986309,dbb26bd7-7aad-49ea-8721-0a340025eee0,minecraft:llama,true,Llama,[null]
-106.56133837580715,125.0,-68.89706864715458,6480e359-d004-40e1-b80f-f04c8c07bc08,minecraft:llama,true,Llama,[null]
-55.12872959816687,68.0,253.19298772244827,3cd9e44a-c8dd-41f5-bd61-36bfb4fdf41a,minecraft:chicken,true,Chicken,[null]
-28.500851692838083,70.0,248.84106216890692,8e2c70a3-3262-4b9d-ac6d-62de234b5027,minecraft:wolf,true,Wolf,[null]
20.306669889018952,72.0,247.30658574566635,15f0047b-dabd-43b4-96c1-e967b1d3a191,minecraft:wolf,true,Wolf,[null]
194.5,43.0625,264.5,b28268c6-4092-4905-a798-a40f84580d12,minecraft:chest_minecart,true,Minecart with Chest,[null]
93.85521326889848,67.0,263.2053298939017,9fc5efdd-37c2-4d8a-be18-115aafc7ed50,minecraft:chicken,true,Chicken,[null]
94.32930626588345,67.0,263.76722190317435,07fd6103-4440-4178-b5ce-a834678f21b3,minecraft:item,true,Egg,[null]
157.5,38.0625,264.5,b91d2d14-ae63-4c23-9744-85f0c81cef4b,minecraft:chest_minecart,true,Minecart with Chest,[null]
143.733444203259,67.0,256.54118102072323,9cefb379-279b-4eb0-a202-89a2e7aeea9b,minecraft:sheep,true,Sheep,[null]
50.32593874457235,72.0,271.154582984282,f66cc379-d590-478b-868b-892640183dfd,minecraft:pig,true,Pig,[null]
147.5,18.0625,281.5,415d476c-f71e-4be6-ae2b-861619167721,minecraft:chest_minecart,true,Minecart with Chest,[null]
151.81347760451612,69.0,289.19867516266066,f164ae91-05ea-41a4-9849-5adb4b9fe301,minecraft:sheep,true,Sheep,[null]
-21.752007815960276,74.0,260.88135978625746,72b072a7-0ac4-4f65-b992-b6bdd948c438,minecraft:chicken,true,Chicken,[null]
-18.582986765102312,75.0,269.05870777693025,cd9e30b7-f470-4d97-96f6-f0720e9d9953,minecraft:item,true,Egg,[null]
-106.30000001192093,75.41999998688698,-20.500063521371167,f0885306-8b63-417b-be65-447ec3c5f424,minecraft:wolf,true,Wolf,[null]
-104.47695946041542,73.0,282.2523619617488,a7418ff3-c2a0-4dd3-84ae-c96de96b6ae4,minecraft:pig,true,Pig,[null]
-22.697790034145644,77.0,281.63586627567355,dcb1855c-e552-4c89-86aa-c5be51d8afb7,minecraft:item,true,Egg,[null]
-26.230634671611547,79.00133597911214,286.4771256102614,8fe462c2-65b2-482d-ba1e-f4b97ca7a033,minecraft:chicken,true,Chicken,[null]
-31.61776248330108,75.0,292.7189262225781,2dcf76cc-05a5-4919-bbba-7e64142e98f0,minecraft:item,true,Egg,[null]
-18.476113608050277,79.41999998688698,291.69161224037634,1b40e1da-57fe-4af4-a939-941540bbc0c6,minecraft:chicken,true,Chicken,[null]
-65.5,27.0,293.5,631d6e46-1fc5-488c-93da-e7cc416d41ad,minecraft:spider,true,Spider,[null]
-107.5,18.0,321.5,09e801a4-03fc-4f0d-bbf2-2e380c9af405,minecraft:zombie,true,Zombie,[null]
-97.56589070058973,36.0,334.75569425017216,2905e64f-f3ce-460d-a1fd-a199bccef619,minecraft:zombie,true,Zombie,[null]
-8868.10000000149,64.5,-982.8,81080a58-bee1-4513-9c83-558e4b6af30e,minecraft:chicken,true,Chicken,[null]
-72.50999999046326,34.0,425.49498228712764,58157ca3-8a7d-47e1-b486-b62c7eff1946,minecraft:chest_minecart,true,Minecart with Chest,[null]
2.5625447596983473,84.0,370.24472666739257,d7d88e54-6aaa-4945-8174-31853b4ed8f8,minecraft:pig,true,Pig,[null]
119.37964159811656,86.0,399.80471621961175,e6e1848f-f636-4648-a78a-50e450f77da6,minecraft:chicken,true,Chicken,[null]
143.4432064176711,91.0,419.20808053893154,73b4fa23-18eb-41ba-adf7-5ed14b7bc819,minecraft:chicken,true,Chicken,[null]
128.44479324801847,91.0,409.39411403717935,51fca8e8-130c-44f1-9f17-7174bc01752c,minecraft:item,true,Egg,[null]
136.78786473350812,94.0,386.7559093086635,66e10a37-489e-4cc4-8cf5-825031738541,minecraft:pig,true,Pig,[null]
143.69824721328916,97.0,381.6274289317108,2e070ecc-9343-4895-84bd-97b72f11189b,minecraft:pig,true,Pig,[null]
147.13931016710808,92.0,410.2124168566563,984a9afe-98df-4dd9-a5e6-6dd6c3001edf,minecraft:chicken,true,Chicken,[null]
163.09010518194978,93.0,395.0917738709691,2b754eea-857f-47db-98b1-e01c3bf2bb8c,minecraft:pig,true,Pig,[null]
161.76115164605457,94.0,393.8344812398627,2cf32820-3bdb-4d9b-b434-f7ae8f0977ae,minecraft:chicken,true,Chicken,[null]
202.12248397488952,64.0,383.1224558473107,eff4ccdf-6ab1-47bf-8fa2-2c4b8771fa1e,minecraft:chicken,true,Chicken,[null]
147.89736788936,92.0,410.2776948659881,dcfe96b3-8ad2-4882-b290-44fac448f863,minecraft:item,true,Egg,[null]
228.98564360642817,62.0,65.20466765705946,c8d6aeb2-caa6-4381-8815-330fe2677c98,minecraft:player,true,Herobrain_gamer,[null]
256.45301560126694,76.0,-137.5329002475715,677c2a42-43f9-4de5-9454-7fe08edbb0cf,minecraft:chicken,true,Chicken,[null]
365.23673312625766,70.0,-131.12219973320111,78a1b474-0246-4da2-97d6-b38a3b552c89,minecraft:chicken,true,Chicken,[null]
44.34113363832913,69.56908690423876,-133.69138497407857,d4690080-60d0-4be7-b24a-73bd9ebdc4e5,minecraft:cow,true,Cow,[null]
47.132059383075955,71.0,-140.4377747042496,c2cc349a-afb2-4b5f-9f43-fd2d9bb78cf8,minecraft:cow,true,Cow,[null]
141.125,68.0,-132.36791283670289,efe0a03c-fee9-468c-8139-6f72fb8b3425,minecraft:item,true,Sweet Berries,[null]
-8868.89999999851,64.5,-982.8,7bffacfb-231c-4a20-a4a4-164a49a71aee,minecraft:chicken,true,Chicken,[null]
-8868.10000000149,64.5,-982.8,f9f24c65-3ef5-4267-81c3-e74362f1545a,minecraft:chicken,true,Chicken,[null]
497.125,74.0,29.187068246199168,21a37331-ba62-4f2d-8a16-7ea85baac647,minecraft:item,true,Jungle Sapling,[null]
496.2043199768509,93.0,28.875,01417071-c319-426a-84da-b086366ff994,minecraft:item,true,Stick,[null]
497.83554521068896,76.0,53.86253060118837,bd8c2291-badc-49fc-938d-3db961fe2ae7,minecraft:item,true,Jungle Sapling,[null]
490.7493026394521,69.0,71.81308768097746,a69d3531-72cb-4c72-a794-5d5b4c284bfe,minecraft:parrot,true,Parrot,[null]
457.3327077051533,69.0,108.60331879525182,8aabe3ad-acbd-424d-9ab0-b2480075d1d7,minecraft:parrot,true,Parrot,[null]
462.57994404741805,70.0,-38.83540108073608,a4c9b566-8c02-4c1d-ab1d-0053798dcd4f,minecraft:chicken,true,Chicken,[null]
461.9860362001398,70.0,-38.61038784251097,014b3836-0112-44c0-8ada-52d86810e63f,minecraft:item,true,Egg,[null]
601.8530628300598,88.0,108.23650363748952,a055cf97-3afb-46d6-b67e-b92853675ae5,minecraft:chicken,true,Chicken,[null]
521.8427265940617,63.0,144.36392289153673,9c25db2a-3236-4bb2-ba5e-7d4a691ccb2a,minecraft:parrot,true,Parrot,[null]
552.25,75.0,153.88794339436768,b589a405-ac96-43a6-8d75-8ff3b08f9156,minecraft:parrot,true,Parrot,[null]
526.5082776009912,77.0,-72.21222386229286,5cb5cac6-34da-4b5f-a712-81c5baeeaeb9,minecraft:sheep,true,Sheep,[null]
506.44999998807907,80.0,-64.50414705652028,42754f4f-74be-4e77-bed1-ee009414aca0,minecraft:sheep,true,Sheep,[null]
493.505021241482,72.0,56.172525174759,1d1764e8-66a2-45f2-8db3-5d722c864685,minecraft:item,true,Stick,[null]
518.2371040135313,71.0,-133.28811888276692,ee555c49-66df-4acd-9671-fba2577a785e,minecraft:chicken,true,Chicken,[null]
520.4438321904329,68.0,-139.7894266173939,d5c4b922-b07a-47fe-97c8-be6233be13f9,minecraft:chicken,true,Chicken,[null]
519.5448391627831,69.0,-138.19265853928417,3b3ca0d8-bc0b-4fd8-b818-3b3c0d5ccdfe,minecraft:item,true,Egg,[null]
493.124489885562,70.0,53.19622083254646,7ba39b40-f359-444d-aec7-302cc28829cc,minecraft:item,true,Jungle Sapling,[null]
493.63346735723366,73.0,58.31049063354894,63bf1d86-a327-4465-a6b8-c2cc01edccc7,minecraft:item,true,Stick,[null]
494.780571336667,70.0,54.861660761184545,46e9d233-f2a0-4a2c-b518-f5f51fe758ff,minecraft:item,true,Oak Sapling,[null]
500.20005661859545,76.0,27.745323976055722,a50b3a90-83e0-4a00-9415-8b45a3e12f91,minecraft:item,true,Stick,[null]
602.5610485425839,88.0,108.25299844487749,e557765a-cd22-4b3c-a69a-faa05aa7933a,minecraft:item,true,Egg,[null]
501.48242566493735,73.0,32.06307138453247,5b1c7980-70c6-487c-8f84-0eacbb1e32f3,minecraft:item,true,Jungle Sapling,[null]
503.60566019169397,77.0,26.92355778581322,53cbfe15-b3ef-4a1a-b5c0-7330a5a3f3a9,minecraft:item,true,Stick,[null]
-8868.10000000149,64.5,-982.8,c0f5ca5d-fea7-49df-bab1-0b2a7120b5af,minecraft:chicken,true,Chicken,[null]
-8868.10000000149,64.5,-982.8,8f4f1010-2dcb-4ba3-be81-467f601557e0,minecraft:chicken,true,Chicken,[null]
189.5641119088281,61.1875,59.95459842315535,81b916d2-8f2f-4daa-bd75-0dffec99517b,minecraft:item,true,Iron Ingot,[null]
544.5,74.0,-10.5,a3bc077a-58d0-4296-b4b9-533c23e9ba46,minecraft:ocelot,true,Ocelot,[null]
308.9748703211895,14.0,125.90183337298315,831bca8f-564e-4c12-8611-b30cc80ef1c3,minecraft:item,true,Egg,[null]
-8846.659507503551,7.0,-888.2466990210914,b277d355-35c0-42ca-ac1f-ab04d3505321,minecraft:item,true,Gunpowder,[null]
-8836.125,7.0,-882.2174162088121,bdcf0916-5520-4859-9625-df8b51de47ad,minecraft:item,true,Gunpowder,[null]
-8839.60159612751,9.0,-881.1617815456274,b5be45d6-02bc-45ea-90af-11f94e775432,minecraft:item,true,Gunpowder,[null]
-8840.697692263522,7.0,-881.125,99dac514-6050-4b49-9da3-0e639fcdb335,minecraft:item,true,Gunpowder,[null]
-8846.585274947163,7.0,-885.8318489864953,274bcafa-f913-45f3-b596-3c9b0b4634db,minecraft:item,true,Gunpowder,[null]
-8840.603100450375,7.0,-894.125,cecd1b23-64d4-4306-afe7-2d65e9f8731b,minecraft:item,true,Gunpowder,[null]
-8807.478459728587,7.0,-959.2375245442897,6b4d7b7b-99d0-4133-b6c2-4c68558ab1cf,minecraft:item,true,Slimeball,[null]
-8806.440771619242,7.0,-959.5599189903361,11e93dc5-3f12-4783-97be-70c94f6840d2,minecraft:item,true,Slimeball,[null]
-8858.875,5.0,-968.8882386970306,239cb9f6-68cb-4580-8528-eb72474c2b10,minecraft:item,true,Slimeball,[null]
-8856.272465643178,5.0,-964.875,3951cc0d-5fc9-4ce3-9460-9666018873f5,minecraft:item,true,Slimeball,[null]
-8848.541669392422,5.007302976426872,-964.875,dfd5cecd-9757-415f-a48b-734c4eda1851,minecraft:item,true,Slimeball,[null]
-8868.474117237845,64.5,-982.8,00c30f9c-3feb-4d9f-8a83-27a294641abc,minecraft:chicken,true,Chicken,[null]
225.75,19.100000023841858,140.48202436922725,0501549b-3f1d-463a-ba3b-12d431eb47a7,minecraft:bat,true,Bat,[null]
198.49686974652417,17.027663999097108,130.92587046401206,3abd9855-2e8c-4ee8-a8dc-1dee86cd6a75,minecraft:bat,true,Bat,[null]
185.5,35.0,-28.5,1dc4421e-e12f-4f23-8fa1-368ea70485fb,minecraft:zombie,true,Zombie,[null]
270.98810488347675,34.0,-34.19280128006661,d7d59f7d-c421-49df-9c18-5584fd961619,minecraft:spider,true,Spider,[null]
-8868.525436687727,64.5,-982.8,482c9ba8-c676-4886-94c3-b76926b980cc,minecraft:chicken,true,Chicken,[null]
262.14172720161326,82.0,-144.11004414203722,cfa9ccb6-450e-420f-875d-a07a6d0fb1f4,minecraft:pig,true,Pig,[null]
277.5,17.0625,-156.5,4803e3eb-4f87-4cc0-8648-dfd4dfebf861,minecraft:chest_minecart,true,Minecart with Chest,[null]
278.6471149602656,70.0,-151.65772123947494,47e4fc79-c183-430b-8530-e8f2189556eb,minecraft:wolf,true,Wolf,[null]
387.5,17.0625,-159.5,843fbb57-b54e-447e-9be6-01fc7014ade3,minecraft:chest_minecart,true,Minecart with Chest,[null]
-8868.679677072889,64.5,-982.8,b694cbcd-61ea-4f40-b97b-f8d8ef0cdf4f,minecraft:chicken,true,Chicken,[null]
-8868.89999999851,64.5,-982.8,13439091-a90f-45f6-b619-189869e06707,minecraft:chicken,true,Chicken,[null]
211.75,36.10000002384186,168.48711833191155,c99d2702-520b-48ce-9982-6e2bc3847d21,minecraft:bat,true,Bat,[null]
318.7638390850383,42.10000002384186,89.64024134074225,545b6a44-0d56-47d8-8549-5c7dd2b0dcfc,minecraft:bat,true,Bat,[null]
206.5,34.0,157.5,f6437763-c932-4959-aecd-c15bc77d9695,minecraft:zombie,true,Zombie,[null]
227.26862090905405,23.0,152.4894564551244,3ff488a0-d859-449c-9039-e86a2272e5e7,minecraft:skeleton,true,Skeleton,[null]
175.5,19.0,131.5,34d1fe82-e991-4702-8763-ed8f4043034b,minecraft:skeleton,true,Skeleton,[null]
163.52765141427514,13.0,152.9950997187064,da22f4fd-f1e9-4263-9aef-2def1842b039,minecraft:spider,true,Spider,[null]
166.69999998807907,16.100000023841858,155.30000001192093,02478f29-ce05-485a-bbdd-2c93150d3f8a,minecraft:spider,true,Spider,[null]
312.5,17.0,67.5,217b95a9-f0cd-48f0-8768-1a687dd715ae,minecraft:skeleton,true,Skeleton,[null]
221.4654617881321,13.0,160.19053140661305,f542117c-cccd-4a5a-952a-3b453956d9cf,minecraft:creeper,true,Creeper,[null]
202.97974660050787,38.55784276857582,123.75,8a7ce54d-59a2-45cc-85cc-b73389157238,minecraft:bat,true,Bat,[null]
233.78352998392944,33.0,164.54916175632152,5619ea80-6a1b-4b07-b2dd-d348ebedb781,minecraft:zombie,true,Zombie,[null]
205.5,34.0,146.5,b166662f-e170-4897-ae07-49ef02ea325a,minecraft:skeleton,true,Skeleton,[null]
199.68558253896046,34.0,142.5288132265305,7ece9ce0-e232-414e-8630-68447f31d1ea,minecraft:skeleton,true,Skeleton,[null]
236.4999941277295,50.0,10.085842053526449,aeebdd79-1b24-4625-a474-187284c2e422,minecraft:skeleton,true,Skeleton,[null]
167.5,30.0,146.5,ce0ebc23-1388-4205-b970-b481c069a3d9,minecraft:skeleton,true,Skeleton,[null]
267.8122011975147,32.0,-38.50042680973296,4033619b-3fa3-48a1-9767-ce2da9739b43,minecraft:zombie,true,Zombie,[null]
186.4597260453726,52.0,149.44681707498646,905f597d-2b6d-4b65-a453-6dce8776280e,minecraft:creeper,true,Creeper,[null]
251.55515474205302,16.0,-50.74143383489659,3589aa18-498a-48fe-a356-a141e2cc8daf,minecraft:skeleton,true,Skeleton,[null]
243.1984361063064,44.0,-52.502143134682576,bc15d149-4e08-4990-96bd-667cb35de949,minecraft:zombie,true,Zombie,[null]
255.48425437843025,41.10000002384186,-21.75,23471df1-ced3-4ea1-b79d-24925a715658,minecraft:bat,true,Bat,[null]
177.30528662643982,29.0,110.5,2d53c83c-a426-4bbf-9b38-6d7e25316341,minecraft:skeleton,true,Skeleton,[null]
176.5,29.0,111.5,b815ced3-37c5-4e75-a240-4070727a34cd,minecraft:skeleton,true,Skeleton,[null]
183.25701220772393,33.0,119.19036535751611,a6ddd453-9e22-40db-a897-7958d0ca5992,minecraft:zombie,true,Zombie,[null]
322.7830782189286,24.0,41.91608017284669,31f1797d-9357-4824-8f65-10d1b6d607ee,minecraft:creeper,true,Creeper,[null]
328.69999998807907,25.0,41.809329274827064,537a6092-05ca-4013-917d-cba5e02ad82c,minecraft:creeper,true,Creeper,[null]
85.82375893759226,63.0,151.02717973359546,d3609d25-5751-4b3f-90fb-064a268f82f5,minecraft:item,true,Egg,[null]
346.7460760708795,56.87888729419798,94.250352411883,da1070ed-2c16-46cc-a3aa-5a990f7db189,minecraft:bat,true,Bat,[null]
83.45092409539075,63.0,138.9494573324559,c5af0b39-9319-4347-80a1-8c0ef1b680b2,minecraft:item,true,Egg,[null]
165.5520248521198,14.966723602778533,143.75,645671d7-6907-4c06-a04f-dcd96d8e05cc,minecraft:bat,true,Bat,[null]
248.5,20.0,175.5,5b10993a-ba21-449f-bcc7-bbd005c0cd15,minecraft:creeper,true,Creeper,[null]
207.5,35.0,169.5,84c4bd84-250c-4bba-8eb2-ca771c125c3c,minecraft:creeper,true,Creeper,[null]
221.5,37.0,145.5,8324af6a-6e18-4107-8817-a0f9e6e87b3a,minecraft:skeleton,true,Skeleton,[null]
222.13762511536282,37.0,146.3272010327562,49373571-a8d2-44a8-818a-d823cbde2419,minecraft:skeleton,true,Skeleton,[null]
220.70599156089534,36.0,147.50225540462162,00f557dd-25f0-4bb0-a6e2-b9cd233921f9,minecraft:skeleton,true,Skeleton,[null]
174.5,27.0,10.5,a0def549-03dc-4939-82fe-4091eacbcd18,minecraft:zombie,true,Zombie,[null]
176.47050087509126,27.0,12.218055515698126,cacd7bee-677c-4301-914d-d22902b20fbb,minecraft:creeper,true,Creeper,[null]
196.25,33.10000002384186,-37.48443461925386,76aeeaf6-2f50-4a47-950b-9e5a5b63c7ae,minecraft:bat,true,Bat,[null]
172.60347763291503,30.988038131339955,167.03277865814565,debc865f-5006-4cea-bafb-0f73819d9158,minecraft:bat,true,Bat,[null]
246.5801067866847,54.73244234712571,44.495595735172806,7f770411-0ead-47e1-8ac4-315d888792d6,minecraft:bat,true,Bat,[null]
177.5,36.0,165.5,d005de48-d673-427a-94f3-f7e184f96bb9,minecraft:zombie,true,Zombie,[null]
173.60165237780748,13.0,157.41416502754046,bfdf164b-3475-4468-8ee2-e0b4baa0a5bb,minecraft:spider,true,Spider,[null]
169.2634588844089,15.0,148.49219259461168,d52e106a-1153-4896-a378-56ada1031f3b,minecraft:zombie,true,Zombie,[null]
165.65272980179915,12.0,149.07027295664255,55154008-88ac-4e53-9d62-4d1c182646e7,minecraft:zombie,true,Zombie,[null]
267.26365245436466,36.0,-25.55012277078899,68255167-a7a3-4a8b-91da-721517359e8b,minecraft:skeleton,true,Skeleton,[null]
265.76975295107644,36.0,-24.45735100644587,89853c70-ac2e-44b8-a855-c0aadc2b2ae1,minecraft:skeleton,true,Skeleton,[null]
300.5,22.0,77.5,4b7d05cb-7d12-49ae-9d8b-f12637c5853d,minecraft:zombie,true,Zombie,[null]
218.5,38.0,177.5,c7b259f4-e464-4b9a-b056-35d5e24863ff,minecraft:zombie,true,Zombie,[null]
317.5,16.0,139.5,eeebfbc0-996a-44a1-bc17-c28cba1a4860,minecraft:zombie,true,Zombie,[null]
314.5,16.0,138.5,dc70b683-df9e-4f15-b686-79a872d4f7b1,minecraft:creeper,true,Creeper,[null]
203.5,37.0,187.5,d31a8b12-d2e0-4f10-b22f-ebaf3a861683,minecraft:zombie,true,Zombie,[null]
226.20103949836056,22.0,155.52610118740384,7f31fa72-a876-46a2-a41d-748512f2b014,minecraft:creeper,true,Creeper,[null]
225.5,21.0,157.5,fe16e45f-388b-42bd-8ac8-38923ea643b3,minecraft:creeper,true,Creeper,[null]
223.87799954495395,20.0,157.33772607552194,2d31e71a-6b90-4a56-9281-c22b08c20958,minecraft:spider,true,Spider,[null]
302.6786695865253,34.0,-16.686891489187456,c5a580b6-1796-4e0f-af07-73ed75c1141b,minecraft:zombie,true,Zombie,[null]
301.9255531788629,34.0,-17.305001694943,7e2a7ee0-cad1-49e5-904a-477dac22ebe3,minecraft:zombie,true,Zombie,[null]
162.5,26.0,136.5,7b528395-de2e-469e-bc3a-dad1be5edbb8,minecraft:enderman,true,Enderman,[null]
158.7481880422687,13.0,150.58684806483834,681526df-5a20-4f82-976e-94426321b8c0,minecraft:skeleton,true,Skeleton,[null]
242.17725093391275,53.0,15.469422245567383,5cc2e68b-46a8-4442-95c6-9ad40f3b827b,minecraft:zombie,true,Zombie,[null]
249.5,50.0,13.5,476660ba-b284-497f-a08c-b6c88b7ce65c,minecraft:creeper,true,Creeper,[null]
173.51141135503494,14.0,159.26860300224985,6bb78a1c-8138-4f96-bb02-98a502105c15,minecraft:skeleton,true,Skeleton,[null]
170.75089658552636,14.0,157.5694251885735,3012ad1e-5360-4828-9920-4c07d2a8704d,minecraft:skeleton,true,Skeleton,[null]
172.30000001192093,12.0,157.69999998807907,06ecd5d8-0f1a-452f-8072-daa044e90fe0,minecraft:creeper,true,Creeper,[null]
239.60010587278998,48.0,173.62109252471785,df639567-2d6f-4ca8-a57e-8c9a05062e11,minecraft:zombie,true,Zombie,[null]
241.5,49.0,165.5,78c9fdfd-c15f-4362-8504-a131e6dbff34,minecraft:zombie,true,Zombie,[null]
238.5,49.0,165.5,b944ace1-ed46-4db7-a26a-04c897943b47,minecraft:spider,true,Spider,[null]
244.93585681672408,51.30326849776166,170.53326734653763,049119c0-3c26-4914-a70b-22840cc1d41e,minecraft:bat,true,Bat,[null]
237.8221334919219,49.168664559243474,168.26697166519347,0f07006c-a7fc-4cf0-ab6a-6da61e86bf98,minecraft:bat,true,Bat,[null]
248.8641181163261,49.518127012233165,168.62815692058902,06700a4a-b145-465b-8254-879c4855be05,minecraft:bat,true,Bat,[null]
233.07799670376008,50.28187433965782,166.26913830063273,9523584d-31e9-4c27-b0d0-3854a4b082ab,minecraft:bat,true,Bat,[null]
206.22579945445176,36.0,184.29014409523558,b2280cd1-6606-4467-a44f-027d6f5851fd,minecraft:zombie,true,Zombie,[null]
203.66499859105505,35.0,179.44496437125125,44982e09-563b-4650-9fe7-9b19b69d04fd,minecraft:zombie,true,Zombie,[null]
207.65957347656922,35.0,183.63378848620377,d40c392f-bd4d-4436-93b1-a3c90c7cf47c,minecraft:zombie,true,Zombie,[null]
209.71585696334233,34.0,180.337760696049,1c8e0de5-6301-484e-8fc9-6af84ab5d04c,minecraft:zombie,true,Zombie,[null]
233.5,24.0,156.5,e1146a2c-c3b4-4882-8464-2f9ebedea0ed,minecraft:zombie,true,Zombie,[null]
227.51228597603344,26.0,165.2701465592887,575dc7cb-a26b-4688-aa27-157ff148bbc0,minecraft:zombie,true,Zombie,[null]
347.5,32.0,58.5,e7ba7daa-774b-4b4f-947a-fd3682624914,minecraft:skeleton,true,Skeleton,[null]
189.13445762293458,61.1875,59.99021528948641,67ddddf6-c1c1-4730-94ee-f5ef63496fba,minecraft:iron_golem,true,Iron Golem,[null]
169.58818617028922,21.0,160.02409069543393,cb528983-9613-48e8-8c05-e76a912aa9b7,minecraft:slime,true,Slime,[null]
108.26913541363477,53.0,29.782640961685185,c0744ffe-5a9d-43ce-aedc-cb269c71bc69,minecraft:skeleton,true,Skeleton,[null]
105.5,52.0,35.5,f8a3be3d-c7e4-4f83-8e84-ad84a5d61c78,minecraft:skeleton,true,Skeleton,[null]
236.50051830343784,22.0,164.74694897054465,98590bc5-51a5-45b0-9b74-24f520d33445,minecraft:zombie,true,Zombie,[null]
237.4883345843996,22.0,168.84800425051378,1259f1ab-a7ed-4e88-9bd6-6e3dee22eaf9,minecraft:creeper,true,Creeper,[null]
234.5,21.0,174.5,a4bb839f-e045-4dc9-ad2a-5b9d1281625f,minecraft:creeper,true,Creeper,[null]
180.05208687406292,47.22775127318527,161.30000000074506,50994a9d-4c8f-491f-9a30-6ee6bc3db481,minecraft:bat,true,Bat,[null]
184.75,51.10000002384186,151.5940872531663,69c792d9-7156-4d9e-9e31-80e2f62be833,minecraft:bat,true,Bat,[null]
207.29090733752616,28.0,-27.077258664379606,b158cef1-fb46-4d3a-9a8e-8855b2c23714,minecraft:bat,true,Bat,[null]
207.75,28.10526490566817,-33.875,1ba03179-ca3e-4abc-b016-e0df2016c265,minecraft:bat,true,Bat,[null]
199.48009116418828,29.12391326221699,-30.250000000000004,6966d9bb-fbcd-49e4-904a-ea2807310bef,minecraft:bat,true,Bat,[null]
206.23019114055046,28.867187154503984,-35.75,8f6b6aea-2a0d-4f4e-9fdd-7883bf9f7c64,minecraft:bat,true,Bat,[null]
271.9408498651826,41.28746162450812,143.60904999678732,296739b3-877a-481a-a64d-4ed21531bab3,minecraft:bat,true,Bat,[null]
233.5,50.0,155.5,acfaa09b-23a5-427e-86a3-52f0fdb5a750,minecraft:creeper,true,Creeper,[null]
220.5,39.0,155.5,bc8dbca5-c1b5-4167-ab03-55fab40af4c0,minecraft:creeper,true,Creeper,[null]
-8868.79999999702,66.0,-985.7999999970198,2ecf5ecd-f574-490d-b085-c5fd901df510,minecraft:item,false,Egg,[null]
