{
  "type": "minecraft:entity",
  "pools": [
    {
      "rolls": 1,
      "entries": [
        {
          "type": "minecraft:loot_table",
          "name": "vanilla:entities/evoker"
        }
      ]
    },
    {
      "rolls": 1,
      "entries": [
        {
          "type": "item",
          "name": "minecraft:player_head",
          "weight": 1,
          "functions": [
            {
              "function": "set_nbt",
              "tag": "{SkullOwner:{Id:\"9aef1ff9-7e67-4954-8cb6-0bf685147fe6\",Name:\"Evoker\",Properties:{textures:[{Value:\"eyJ0ZXh0dXJlcyI6eyJTS0lOIjp7InVybCI6Imh0dHA6Ly90ZXh0dXJlcy5taW5lY3JhZnQubmV0L3RleHR1cmUvNjMwY2U3NzVlZGI2NWRiOGMyNzQxYmRmYWU4NGYzYzBkMDI4NWFiYTkzYWZhZGM3NDkwMGQ1NWRmZDk1MDRhNSJ9fX0=\"}]}}}"
            }
          ]
        }
      ],
      "conditions": [
        {
          "condition": "killed_by_player"
        },
        {
          "condition": "random_chance_with_looting",
          "chance": 0.14,
          "looting_multiplier": 0.02
        }
      ]
    },
		{
            "rolls": 1,
            "entries": [
				{
                    "type": "loot_table",
                    "name": "orium:divinity",
                    "weight": 1,
					"conditions":[
						{
							"condition": "killed_by_player"
						}
					]
                },
				{
                    "type": "loot_table",
                    "name": "minecraft:entities/evoker_normal",
                    "weight": 1
                }
            ]
        }
  ]
}
