{
  "type": "minecraft:entity",
  "pools": [
    {
      "rolls": 1,
      "entries": [
        {
          "type": "minecraft:loot_table",
          "name": "vanilla:entities/stray"
        }
      ]
    },
    {
      "rolls": 1,
      "entries": [
        {
          "type": "item",
          "name": "minecraft:player_head",
          "weight": 1,
          "functions": [
            {
              "function": "set_nbt",
              "tag": "{SkullOwner:{Id:\"644c9bad-958b-43ce-9d2f-199d85be607c\",Name:\"Stray\",Properties:{textures:[{Value:\"eyJ0ZXh0dXJlcyI6eyJTS0lOIjp7InVybCI6Imh0dHA6Ly90ZXh0dXJlcy5taW5lY3JhZnQubmV0L3RleHR1cmUvNzhkZGY3NmU1NTVkZDVjNGFhOGEwYTVmYzU4NDUyMGNkNjNkNDg5YzI1M2RlOTY5ZjdmMjJmODVhOWEyZDU2In19fQ==\"}]}}}"
            }
          ]
        }
      ],
      "conditions": [
        {
          "condition": "killed_by_player"
        },
        {
          "condition": "random_chance_with_looting",
          "chance": 0.05,
          "looting_multiplier": 0.05
        }
      ]
    },
		{
            "rolls": 1,
            "entries": [
				{
                    "type": "loot_table",
                    "name": "orium:divinity",
                    "weight": 1,
                    "quality": 3,
					"conditions":[
						{
							"condition": "killed_by_player"
						},
						{
							"condition": "random_chance_with_looting",
							"chance": 0.03125,
							"looting_multiplier": 0.09375
						}
					]
                },
				{
                    "type": "loot_table",
                    "name": "minecraft:entities/stray_normal",
                    "weight": 1
                }
            ]
        }
  ]
}
