{
  "type": "minecraft:entity",
  "pools": [
    {
      "rolls": 1,
      "entries": [
        {
          "type": "minecraft:loot_table",
          "name": "vanilla:entities/witch"
        }
      ]
    },
    {
      "rolls": 1,
      "entries": [
        {
          "type": "item",
          "name": "minecraft:player_head",
          "weight": 1,
          "functions": [
            {
              "function": "set_nbt",
              "tag": "{SkullOwner:{Id:\"7f92b3d6-5ee0-4ab6-afae-2206b9514a63\",Name:\"Witch\",Properties:{textures:[{Value:\"eyJ0ZXh0dXJlcyI6eyJTS0lOIjp7InVybCI6Imh0dHA6Ly90ZXh0dXJlcy5taW5lY3JhZnQubmV0L3RleHR1cmUvMjBlMTNkMTg0NzRmYzk0ZWQ1NWFlYjcwNjk1NjZlNDY4N2Q3NzNkYWMxNmY0YzNmODcyMmZjOTViZjlmMmRmYSJ9fX0=\"}]}}}"
            }
          ]
        }
      ],
      "conditions": [
        {
          "condition": "killed_by_player"
        },
        {
          "condition": "random_chance_with_looting",
          "chance": 0.002,
          "looting_multiplier": 0.001
        }
      ]
    },
		{
            "rolls": 1,
            "entries": [
				{
                    "type": "loot_table",
                    "name": "orium:divinity",
                    "weight": 1,
					"conditions":[
						{
							"condition": "killed_by_player"
						}
					]
                },
				{
                    "type": "loot_table",
                    "name": "minecraft:entities/witch_normal",
                    "weight": 1
                }
            ]
        }
  ]
}
