{
  "type": "minecraft:entity",
  "pools": [
    {
      "rolls": 1,
      "entries": [
        {
          "type": "minecraft:loot_table",
          "name": "vanilla:entities/zombie_pigman"
        }
      ]
    },
    {
      "rolls": 1,
      "entries": [
        {
          "type": "item",
          "name": "minecraft:player_head",
          "weight": 1,
          "functions": [
            {
              "function": "set_nbt",
              "tag": "{SkullOwner:{Id:\"6540c046-d6ea-4aff-9766-32a54ebe6958\",Name:\"Zombie Pigman\",Properties:{textures:[{Value:\"eyJ0ZXh0dXJlcyI6eyJTS0lOIjp7InVybCI6Imh0dHA6Ly90ZXh0dXJlcy5taW5lY3JhZnQubmV0L3RleHR1cmUvNzRlOWM2ZTk4NTgyZmZkOGZmOGZlYjMzMjJjZDE4NDljNDNmYjE2YjE1OGFiYjExY2E3YjQyZWRhNzc0M2ViIn19fQ==\"}]}}}"
            }
          ]
        }
      ],
      "conditions": [
        {
          "condition": "killed_by_player"
        },
        {
          "condition": "random_chance_with_looting",
          "chance": 0.001,
          "looting_multiplier": 0.001
        }
      ]
    },
		{
            "rolls": 1,
            "entries": [
				{
                    "type": "loot_table",
                    "name": "orium:divinity",
                    "weight": 1,
					"conditions":[
						{
							"condition": "killed_by_player"
						},
						{
							"condition": "random_chance_with_looting",
							"chance": 0.03125,
							"looting_multiplier": 0.09375
						}
					]
                },
				{
                    "type": "loot_table",
                    "name": "minecraft:entities/zombie_pigman_normal",
                    "weight": 1
                }
            ]
        }
  ]
}
