{
	"display": {
		"icon": {
			"item": "porkchop"
		},
		"title": "Slaughterhouse",
		"description": "Gather each type of meat",
		"frame": "goal"
	},
	"parent": "platy:livestock/meat",
	"criteria": {
		"porkchop": {
			"trigger": "inventory_changed",
			"conditions": {
				"items": [
					{
						"item": "porkchop"
					}
				]
			}
		},
		"beef": {
			"trigger": "inventory_changed",
			"conditions": {
				"items": [
					{
						"item": "beef"
					}
				]
			}
		},
		"chicken": {
			"trigger": "inventory_changed",
			"conditions": {
				"items": [
					{
						"item": "chicken"
					}
				]
			}
		},
		"rabbit": {
			"trigger": "inventory_changed",
			"conditions": {
				"items": [
					{
						"item": "rabbit"
					}
				]
			}
		},
		"mutton": {
			"trigger": "inventory_changed",
			"conditions": {
				"items": [
					{
						"item": "mutton"
					}
				]
			}
		}
	}
}