{
    "display": {
        "icon": {
            "item": "minecraft:netherrack"
        },
        "title": {
            "text": "Nether Portal Coords",
            "color": "white",
            "bold": false,
            "italic": false
        },
        "description": {
            "text": "Adds a trigger that calculates where a nether portal must be placed in the other dimension. Useful for syncing up nether portals.",
            "color": "green",
            "bold": false,
            "italic": true
        },
        "show_toast": false,
        "announce_to_chat": false,
        "frame": "goal"
    },
    "parent": "main:main/root",
    "criteria": {
        "tick": {
            "trigger": "minecraft:tick"
        }
    }
}