{
    "display": {
        "icon": {
            "item": "minecraft:stone_brick_wall"
        },
        "title": {
            "text": "Graves                      ",
            "color": "white",
            "bold": false,
            "italic": false
        },
        "description": ["",{"text":"Retrieve your items and/or XP dropped on death from your grave by right-clicking it with an empty hand.\nHold crouch when you right-click to make it so only you can pick up the items.\nEnter ","color":"gold"},{"text":"/function graves:config","color":"yellow"},{"text":" for config options.","color":"gold"}],
        "show_toast": false,
        "announce_to_chat": false,
        "frame": "goal"
    },
    "parent": "main:main/root",
    "criteria": {
        "tick": {
            "trigger": "minecraft:tick"
        }
    }
}