{
  "pools": [
    {
      "rolls": 1,
      "entries": [
        {
          "type": "item",
          "name": "minecraft:diamond_chestplate",
          "weight": 2,
          "functions": [
            {
              "function": "set_nbt",
              "tag": "{Enchantments:[{id:\"minecraft:shinning\",lvl:1}],CustomEnchantments:{LifePlus:1},display:{Lore:[\"{\\\"text\\\":\\\"Life+ I\\\",\\\"color\\\":\\\"gray\\\",\\\"italic\\\":false}\"]},AttributeModifiers:[{AttributeName:\"generic.maxHealth\",Name:\"generic.maxHealth\",Amount:4,Operation:0,UUIDLeast:748748,UUIDMost:748748,Slot:\"chest\"},{AttributeName:\"generic.armor\",Name:\"generic.armor\",Slot:\"chest\",Amount:8,Operation:0,UUIDMost:77111,UUIDLeast:141286},{AttributeName:\"generic.armorToughness\",Name:\"generic.armorToughness\",Slot:\"chest\",Amount:2,Operation:0,UUIDMost:57065,UUIDLeast:126306}]}"
            },
            {
              "function": "enchant_with_levels",
              "treasure": true,
              "levels": {
                "min": 20,
                "max": 30
              },
              "conditions": [
                {
                  "condition": "random_chance",
                  "chance": 0.75
                }
              ]
            }
          ]
        },
        {
          "type": "item",
          "name": "minecraft:diamond_chestplate",
          "weight": 2,
          "functions": [
            {
              "function": "set_nbt",
              "tag": "{Enchantments:[{id:\"minecraft:shinning\",lvl:1}],CustomEnchantments:{LifePlus:2},display:{Lore:[\"{\\\"text\\\":\\\"Life+ II\\\",\\\"color\\\":\\\"gray\\\",\\\"italic\\\":false}\"]},AttributeModifiers:[{AttributeName:\"generic.maxHealth\",Name:\"generic.maxHealth\",Amount:8,Operation:0,UUIDLeast:748748,UUIDMost:748748,Slot:\"chest\"},{AttributeName:\"generic.armor\",Name:\"generic.armor\",Slot:\"chest\",Amount:8,Operation:0,UUIDMost:77111,UUIDLeast:141286},{AttributeName:\"generic.armorToughness\",Name:\"generic.armorToughness\",Slot:\"chest\",Amount:2,Operation:0,UUIDMost:57065,UUIDLeast:126306}]}"
            },
            {
              "function": "enchant_with_levels",
              "treasure": true,
              "levels": {
                "min": 20,
                "max": 30
              },
              "conditions": [
                {
                  "condition": "random_chance",
                  "chance": 0.75
                }
              ]
            }
          ]
        },
        {
          "type": "item",
          "name": "minecraft:diamond_chestplate",
          "weight": 2,
          "functions": [
            {
              "function": "set_nbt",
              "tag": "{Enchantments:[{id:\"minecraft:shinning\",lvl:1}],CustomEnchantments:{AntiLagVenom:1,AntiVenom:1},display:{Lore:[\"{\\\"text\\\":\\\"Anti-Venom I\\\",\\\"color\\\":\\\"gray\\\",\\\"italic\\\":false}\"]}}"
            },
            {
              "function": "enchant_with_levels",
              "treasure": true,
              "levels": {
                "min": 20,
                "max": 30
              },
              "conditions": [
                {
                  "condition": "random_chance",
                  "chance": 0.75
                }
              ]
            }
          ]
        },
        {
          "type": "item",
          "name": "minecraft:diamond_chestplate",
          "weight": 1,
          "functions": [
            {
              "function": "set_nbt",
              "tag": "{Enchantments:[{id:\"minecraft:shinning\",lvl:1}],CustomEnchantments:{LifePlus:1,AntiLagVenom:1,AntiVenom:1},EnchantLimit:2,display:{Lore:[\"{\\\"text\\\":\\\"Life+ I\\\",\\\"color\\\":\\\"gray\\\",\\\"italic\\\":false}\",\"{\\\"text\\\":\\\"Anti-Venom I\\\",\\\"color\\\":\\\"gray\\\",\\\"italic\\\":false}\"]},AttributeModifiers:[{AttributeName:\"generic.maxHealth\",Name:\"generic.maxHealth\",Amount:4,Operation:0,UUIDLeast:748748,UUIDMost:748748,Slot:\"chest\"},{AttributeName:\"generic.armor\",Name:\"generic.armor\",Slot:\"chest\",Amount:8,Operation:0,UUIDMost:77111,UUIDLeast:141286},{AttributeName:\"generic.armorToughness\",Name:\"generic.armorToughness\",Slot:\"chest\",Amount:2,Operation:0,UUIDMost:57065,UUIDLeast:126306}]}"
            },
            {
              "function": "enchant_with_levels",
              "treasure": true,
              "levels": {
                "min": 20,
                "max": 30
              },
              "conditions": [
                {
                  "condition": "random_chance",
                  "chance": 0.75
                }
              ]
            }
          ]
        },
        {
          "type": "item",
          "name": "minecraft:diamond_chestplate",
          "weight": 1,
          "functions": [
            {
              "function": "set_nbt",
              "tag": "{Enchantments:[{id:\"minecraft:shinning\",lvl:1}],CustomEnchantments:{LifePlus:2,AntiLagVenom:1,AntiVenom:1},EnchantLimit:2,display:{Lore:[\"{\\\"text\\\":\\\"Life+ II\\\",\\\"color\\\":\\\"gray\\\",\\\"italic\\\":false}\",\"{\\\"text\\\":\\\"Anti-Venom I\\\",\\\"color\\\":\\\"gray\\\",\\\"italic\\\":false}\"]},AttributeModifiers:[{AttributeName:\"generic.maxHealth\",Name:\"generic.maxHealth\",Amount:8,Operation:0,UUIDLeast:748748,UUIDMost:748748,Slot:\"chest\"},{AttributeName:\"generic.armor\",Name:\"generic.armor\",Slot:\"chest\",Amount:8,Operation:0,UUIDMost:77111,UUIDLeast:141286},{AttributeName:\"generic.armorToughness\",Name:\"generic.armorToughness\",Slot:\"chest\",Amount:2,Operation:0,UUIDMost:57065,UUIDLeast:126306}]}"
            },
            {
              "function": "enchant_with_levels",
              "treasure": true,
              "levels": {
                "min": 20,
                "max": 30
              },
              "conditions": [
                {
                  "condition": "random_chance",
                  "chance": 0.75
                }
              ]
            }
          ]
        }
      ]
    }
  ]
}