{
  "pools": [
    {
      "rolls": 1,
      "entries": [
        {
          "type": "item",
          "name": "minecraft:leather_boots",
          "weight": 2,
          "functions": [
            {
              "function": "set_nbt",
              "tag": "{Enchantments:[{id:\"minecraft:shinning\",lvl:1}],CustomEnchantments:{Agility:1},display:{Lore:[\"{\\\"text\\\":\\\"Agility I\\\",\\\"color\\\":\\\"gray\\\",\\\"italic\\\":false}\\\",\\\"color\\\":\\\"gray\\\",\\\"italic\\\":false}\"]},AttributeModifiers:[{AttributeName:\"generic.movementSpeed\",Name:\"generic.movementSpeed\",Slot:\"feet\",Amount:0.33,Operation:1,UUIDMost:84447,UUIDLeast:177289},{AttributeName:\"generic.armor\",Name:\"generic.armor\",Slot:\"feet\",Amount:1,Operation:0,UUIDMost:77111,UUIDLeast:141286}]}"
            },
            {
              "function": "enchant_with_levels",
              "treasure": true,
              "levels": {
                "min": 20,
                "max": 30
              },
              "conditions": [
                {
                  "condition": "random_chance",
                  "chance": 0.75
                }
              ]
            }
          ]
        },
        {
          "type": "item",
          "name": "minecraft:leather_boots",
          "weight": 2,
          "functions": [
            {
              "function": "set_nbt",
              "tag": "{Enchantments:[{id:\"minecraft:shinning\",lvl:1}],CustomEnchantments:{Agility:2},display:{Lore:[\"{\\\"text\\\":\\\"Agility II\\\",\\\"color\\\":\\\"gray\\\",\\\"italic\\\":false}\\\",\\\"color\\\":\\\"gray\\\",\\\"italic\\\":false}\"]},AttributeModifiers:[{AttributeName:\"generic.movementSpeed\",Name:\"generic.movementSpeed\",Slot:\"feet\",Amount:0.66,Operation:1,UUIDMost:84447,UUIDLeast:177289},{AttributeName:\"generic.armor\",Name:\"generic.armor\",Slot:\"feet\",Amount:1,Operation:0,UUIDMost:77111,UUIDLeast:141286}]}"
            },
            {
              "function": "enchant_with_levels",
              "treasure": true,
              "levels": {
                "min": 20,
                "max": 30
              },
              "conditions": [
                {
                  "condition": "random_chance",
                  "chance": 0.75
                }
              ]
            }
          ]
        },
        {
          "type": "item",
          "name": "minecraft:leather_boots",
          "weight": 2,
          "functions": [
            {
              "function": "set_nbt",
              "tag": "{Enchantments:[{id:\"minecraft:shinning\",lvl:1}],CustomEnchantments:{Agility:3},display:{Lore:[\"{\\\"text\\\":\\\"Agility III\\\",\\\"color\\\":\\\"gray\\\",\\\"italic\\\":false}\\\",\\\"color\\\":\\\"gray\\\",\\\"italic\\\":false}\"]},AttributeModifiers:[{AttributeName:\"generic.movementSpeed\",Name:\"generic.movementSpeed\",Slot:\"feet\",Amount:1,Operation:1,UUIDMost:84447,UUIDLeast:177289},{AttributeName:\"generic.armor\",Name:\"generic.armor\",Slot:\"feet\",Amount:1,Operation:0,UUIDMost:77111,UUIDLeast:141286}]}"
            },
            {
              "function": "enchant_with_levels",
              "treasure": true,
              "levels": {
                "min": 20,
                "max": 30
              },
              "conditions": [
                {
                  "condition": "random_chance",
                  "chance": 0.75
                }
              ]
            }
          ]
        },
        {
          "type": "item",
          "name": "minecraft:diamond_boots",
          "weight": 2,
          "functions": [
            {
              "function": "set_nbt",
              "tag": "{Enchantments:[{id:\"minecraft:shinning\",lvl:1}],CustomEnchantments:{SkyWalk:1},display:{Lore:[\"{\\\"text\\\":\\\"Sky Walk (Not Work)\\\",\\\"color\\\":\\\"gray\\\",\\\"italic\\\":false}\"]}}"
            },
            {
              "function": "enchant_with_levels",
              "treasure": true,
              "levels": {
                "min": 20,
                "max": 30
              },
              "conditions": [
                {
                  "condition": "random_chance",
                  "chance": 0.75
                }
              ]
            }
          ]
        },
        {
          "type": "item",
          "name": "minecraft:leather_boots",
          "weight": 2,
          "functions": [
            {
              "function": "set_nbt",
              "tag": "{Enchantments:[{id:\"minecraft:shinning\",lvl:1}],CustomEnchantments:{CloudWalker:1},display:{Lore:[\"{\\\"text\\\":\\\"Cloud Walker\\\",\\\"color\\\":\\\"gray\\\",\\\"italic\\\":false}\"]}}"
            },
            {
              "function": "enchant_with_levels",
              "treasure": true,
              "levels": {
                "min": 20,
                "max": 30
              },
              "conditions": [
                {
                  "condition": "random_chance",
                  "chance": 0.75
                }
              ]
            }
          ]
        },
        {
          "type": "item",
          "name": "minecraft:leather_boots",
          "weight": 2,
          "functions": [
            {
              "function": "set_nbt",
              "tag": "{Enchantments:[{id:\"minecraft:shinning\",lvl:1}],CustomEnchantments:{LavaWalker:1},display:{Lore:[\"{\\\"text\\\":\\\"Lava Walker\\\",\\\"color\\\":\\\"gray\\\",\\\"italic\\\":false}\"]}}"
            },
            {
              "function": "enchant_with_levels",
              "treasure": true,
              "levels": {
                "min": 20,
                "max": 30
              },
              "conditions": [
                {
                  "condition": "random_chance",
                  "chance": 0.75
                }
              ]
            }
          ]
        },
        {
          "type": "item",
          "name": "minecraft:leather_boots",
          "weight": 1,
          "functions": [
            {
              "function": "set_nbt",
              "tag": "{Enchantments:[{id:\"minecraft:shinning\",lvl:1}],CustomEnchantments:{Agility:1,CloudWalker:1},EnchantLimit:2,display:{Lore:[\"{\\\"text\\\":\\\"Agility I\\\",\\\"color\\\":\\\"gray\\\",\\\"italic\\\":false}\",\"{\\\"text\\\":\\\"Cloud Walker\\\",\\\"color\\\":\\\"gray\\\",\\\"italic\\\":false}\"]},AttributeModifiers:[{AttributeName:\"generic.movementSpeed\",Name:\"generic.movementSpeed\",Slot:\"feet\",Amount:0.33,Operation:1,UUIDMost:84447,UUIDLeast:177289},{AttributeName:\"generic.armor\",Name:\"generic.armor\",Slot:\"feet\",Amount:1,Operation:0,UUIDMost:77111,UUIDLeast:141286}]}"
            },
            {
              "function": "enchant_with_levels",
              "treasure": true,
              "levels": {
                "min": 20,
                "max": 30
              },
              "conditions": [
                {
                  "condition": "random_chance",
                  "chance": 0.75
                }
              ]
            }
          ]
        },
        {
          "type": "item",
          "name": "minecraft:leather_boots",
          "weight": 1,
          "functions": [
            {
              "function": "set_nbt",
              "tag": "{Enchantments:[{id:\"minecraft:shinning\",lvl:1}],CustomEnchantments:{Agility:2,CloudWalker:1},EnchantLimit:2,display:{Lore:[\"{\\\"text\\\":\\\"Agility II\\\",\\\"color\\\":\\\"gray\\\",\\\"italic\\\":false}\",\"{\\\"text\\\":\\\"Cloud Walker\\\",\\\"color\\\":\\\"gray\\\",\\\"italic\\\":false}\"]},AttributeModifiers:[{AttributeName:\"generic.movementSpeed\",Name:\"generic.movementSpeed\",Slot:\"feet\",Amount:0.66,Operation:1,UUIDMost:84447,UUIDLeast:177289},{AttributeName:\"generic.armor\",Name:\"generic.armor\",Slot:\"feet\",Amount:1,Operation:0,UUIDMost:77111,UUIDLeast:141286}]}"
            },
            {
              "function": "enchant_with_levels",
              "treasure": true,
              "levels": {
                "min": 20,
                "max": 30
              },
              "conditions": [
                {
                  "condition": "random_chance",
                  "chance": 0.75
                }
              ]
            }
          ]
        },
        {
          "type": "item",
          "name": "minecraft:leather_boots",
          "weight": 1,
          "functions": [
            {
              "function": "set_nbt",
              "tag": "{Enchantments:[{id:\"minecraft:shinning\",lvl:1}],CustomEnchantments:{Agility:3,CloudWalker:1},EnchantLimit:2,display:{Lore:[\"{\\\"text\\\":\\\"Agility III\\\",\\\"color\\\":\\\"gray\\\",\\\"italic\\\":false}\",\"{\\\"text\\\":\\\"Cloud Walker\\\",\\\"color\\\":\\\"gray\\\",\\\"italic\\\":false}\"]},AttributeModifiers:[{AttributeName:\"generic.movementSpeed\",Name:\"generic.movementSpeed\",Slot:\"feet\",Amount:1,Operation:1,UUIDMost:84447,UUIDLeast:177289},{AttributeName:\"generic.armor\",Name:\"generic.armor\",Slot:\"feet\",Amount:1,Operation:0,UUIDMost:77111,UUIDLeast:141286}]}"
            },
            {
              "function": "enchant_with_levels",
              "treasure": true,
              "levels": {
                "min": 20,
                "max": 30
              },
              "conditions": [
                {
                  "condition": "random_chance",
                  "chance": 0.75
                }
              ]
            }
          ]
        },
        {
          "type": "item",
          "name": "minecraft:leather_boots",
          "weight": 1,
          "functions": [
            {
              "function": "set_nbt",
              "tag": "{Enchantments:[{id:\"minecraft:shinning\",lvl:1}],CustomEnchantments:{Agility:1,LavadWalker:1},EnchantLimit:2,display:{Lore:[\"{\\\"text\\\":\\\"Agility I\\\",\\\"color\\\":\\\"gray\\\",\\\"italic\\\":false}\",\"{\\\"text\\\":\\\"Lava Walker\\\",\\\"color\\\":\\\"gray\\\",\\\"italic\\\":false}\"]},AttributeModifiers:[{AttributeName:\"generic.movementSpeed\",Name:\"generic.movementSpeed\",Slot:\"feet\",Amount:0.33,Operation:1,UUIDMost:84447,UUIDLeast:177289},{AttributeName:\"generic.armor\",Name:\"generic.armor\",Slot:\"feet\",Amount:1,Operation:0,UUIDMost:77111,UUIDLeast:141286}]}"
            },
            {
              "function": "enchant_with_levels",
              "treasure": true,
              "levels": {
                "min": 20,
                "max": 30
              },
              "conditions": [
                {
                  "condition": "random_chance",
                  "chance": 0.75
                }
              ]
            }
          ]
        },
        {
          "type": "item",
          "name": "minecraft:leather_boots",
          "weight": 1,
          "functions": [
            {
              "function": "set_nbt",
              "tag": "{Enchantments:[{id:\"minecraft:shinning\",lvl:1}],CustomEnchantments:{Agility:2,LavaWalker:1},EnchantLimit:2,display:{Lore:[\"{\\\"text\\\":\\\"Agility II\\\",\\\"color\\\":\\\"gray\\\",\\\"italic\\\":false}\",\"{\\\"text\\\":\\\"Lava Walker\\\",\\\"color\\\":\\\"gray\\\",\\\"italic\\\":false}\"]},AttributeModifiers:[{AttributeName:\"generic.movementSpeed\",Name:\"generic.movementSpeed\",Slot:\"feet\",Amount:0.66,Operation:1,UUIDMost:84447,UUIDLeast:177289},{AttributeName:\"generic.armor\",Name:\"generic.armor\",Slot:\"feet\",Amount:1,Operation:0,UUIDMost:77111,UUIDLeast:141286}]}"
            },
            {
              "function": "enchant_with_levels",
              "treasure": true,
              "levels": {
                "min": 20,
                "max": 30
              },
              "conditions": [
                {
                  "condition": "random_chance",
                  "chance": 0.75
                }
              ]
            }
          ]
        },
        {
          "type": "item",
          "name": "minecraft:leather_boots",
          "weight": 1,
          "functions": [
            {
              "function": "set_nbt",
              "tag": "{Enchantments:[{id:\"minecraft:shinning\",lvl:1}],CustomEnchantments:{Agility:3,LavaWalker:1},EnchantLimit:2,display:{Lore:[\"{\\\"text\\\":\\\"Agility III\\\",\\\"color\\\":\\\"gray\\\",\\\"italic\\\":false}\",\"{\\\"text\\\":\\\"Lava Walker\\\",\\\"color\\\":\\\"gray\\\",\\\"italic\\\":false}\"]},AttributeModifiers:[{AttributeName:\"generic.movementSpeed\",Name:\"generic.movementSpeed\",Slot:\"feet\",Amount:1,Operation:1,UUIDMost:84447,UUIDLeast:177289},{AttributeName:\"generic.armor\",Name:\"generic.armor\",Slot:\"feet\",Amount:1,Operation:0,UUIDMost:77111,UUIDLeast:141286}]}"
            },
            {
              "function": "enchant_with_levels",
              "treasure": true,
              "levels": {
                "min": 20,
                "max": 30
              },
              "conditions": [
                {
                  "condition": "random_chance",
                  "chance": 0.75
                }
              ]
            }
          ]
        },
        {
          "type": "item",
          "name": "minecraft:leather_boots",
          "weight": 1,
          "functions": [
            {
              "function": "set_nbt",
              "tag": "{Enchantments:[{id:\"minecraft:shinning\",lvl:1}],CustomEnchantments:{CloudWalker:1,LavaWalker:1},EnchantLimit:2,display:{Lore:[\"{\\\"text\\\":\\\"Cloud Walker\\\",\\\"color\\\":\\\"gray\\\",\\\"italic\\\":false}\",\"{\\\"text\\\":\\\"Lava Walker\\\",\\\"color\\\":\\\"gray\\\",\\\"italic\\\":false}\"]}}"
            },
            {
              "function": "enchant_with_levels",
              "treasure": true,
              "levels": {
                "min": 20,
                "max": 30
              },
              "conditions": [
                {
                  "condition": "random_chance",
                  "chance": 0.75
                }
              ]
            }
          ]
        }
      ]
    }
  ]
}