 {
	"display":{
		"icon": {
            "item": "minecraft:coal_ore"
        },
        "title": {
            "text": "King of the Coal"
        },
        "description": ["",{"text":"Get to the mines!"},{"text":"\nHerobrain_gamer","color":"dark_gray","italic":true}],
		"frame": "task"
	},
	"parent":"PixelCraft:Herobrain_gamer/root",
	"criteria":{
		"mine_coal": {
               "trigger": "minecraft:impossible"
           }
       }
   },
	"rewards": {
		"function":"PixelCraft:Herobrain_gamer/king_of_the_coal"
	}
}
