 {
	"display":{
		"icon": {
            "item": "minecraft:lapis_ore"
        },
        "title": {
            "text": "King of the Lapis"
        },
        "description": ["",{"text":"Again get back to the mines!"},{"text":"\nHerobrain_gamer","color":"dark_gray","italic":true}],
		"frame": "task"
	},
	"parent":"PixelCraft:Herobrain_gamer/king_of_the_gold",
	"criteria":{
		"mine_lapis": {
               "trigger": "minecraft:impossible"
           }
       }
   },
	"rewards": {
		"function":"PixelCraft:Herobrain_gamer/king_of_the_lapis"
	}
}
