{
    "display": {
        "icon": {
            "item": "minecraft:nether_star"
        },
        "title": {
            "text": "Thunder Shrine",
            "color": "white",
            "bold": false,
            "italic": false
        },
        "description": {
            "text": "A shrine that allows you to create a thunder storm when offering a Nether Star.",
            "color": "green",
            "bold": false,
            "italic": true
        },
        "show_toast": false,
        "announce_to_chat": false,
        "frame": "goal"
    },
    "parent": "main:main/root",
    "criteria": {
        "tick": {
            "trigger": "minecraft:tick"
        }
    }
}