 {
	"display":{
		"icon": {
            "item": "minecraft:skull",
			"data": 2
        },
        "title": {
            "text": "1 Stack Dead"
        },
        "description": ["",{"text":"I'v Killed 64 That Was EZ"},{"text":"\n?","color":"dark_gray","italic":true}],
		"frame": "task"
	},
	"parent":"PixelCraft:Best_InThe_Lobby/48Kills",
	"criteria":{
		"die1": {
               "trigger": "minecraft:impossible"
           }
       }
   },
	"rewards": {
		"function":"PixelCraft:You_Did_It"
	}
}
