{
    "type": "minecraft:block",
    "pools": [
        {
            "rolls": 1,
            "entries": [
                {
                    "type": "minecraft:alternatives",
                    "children": [
                        {
                            "type": "minecraft:item",
                            "name": "minecraft:iron_ingot",
                            "conditions": [
                                {
                                    "condition": "minecraft:match_tool",
                                    "predicate": {
                                        "nbt": "{CustomEnchantments:{MiningPlus:1,AutoSmelt:1}}"
                                    }
                                }
                            ],
                            "functions": [
                                  {
                                      "function": "set_nbt",
                                      "tag": "{CustomEnchantments:{MiningPlusItembreak:1,MiningPlusItembreakAutoSmelt:1}}"
                                  }
                              ] 
                          },
                        {
                            "type": "minecraft:item",
                            "name": "minecraft:iron_ore",
                            "conditions": [
                                {
                                    "condition": "minecraft:match_tool",
                                    "predicate": {
                                        "nbt": "{CustomEnchantments:{MiningPlus:1}}"
                                    }
                                }
                            ],
                            "functions": [
                                  {
                                      "function": "set_nbt",
                                      "tag": "{CustomEnchantments:{MiningPlusItembreak:1}}"
                                  }
                              ] 
                        },
                        {
                            "type": "minecraft:item",
                            "name": "minecraft:iron_ingot",
                            "conditions": [
                                {
                                    "condition": "minecraft:match_tool",
                                    "predicate": {
                                        "nbt": "{CustomEnchantments:{AutoSmelt:1}}"
                                    }
                                }
                            ],
                            "functions": [
                                {
                                    "function": "minecraft:apply_bonus",
                                    "enchantment": "minecraft:fortune",
                                    "formula": "minecraft:uniform_bonus_count",
                                    "parameters": {
                                      "bonusMultiplier": 1
                                    }
                                },
                                {
                                    "function": "minecraft:limit_count",
                                    "limit": {
                                        "max": 3,
                                        "min": 1
                                    }
                                }
                            ]
                        },
                        {
                          "type": "minecraft:item",
                          "name": "minecraft:iron_ore",
                          "conditions": [
                              {
                                  "condition": "minecraft:survives_explosion"
                              }
                          ]
                       }
                    ]
                }
            ]
        }
    ]
}