{
    "display": {
        "icon": {
            "item": "minecraft:crossbow"
        },
        "title": {
            "text": "Pillager Tools",
            "color": "white",
            "bold": false,
            "italic": false
        },
        "description": {
            "text": "Allows you to disable bad omen, patrols or patrol leaders separately. /trigger pt_status",
            "color": "green",
            "bold": false,
            "italic": true
        },
        "show_toast": false,
        "announce_to_chat": false,
        "frame": "goal"
    },
    "parent": "main:main/root",
    "criteria": {
        "tick": {
            "trigger": "minecraft:tick"
        }
    }
}