{
	"display": {
		"icon": {
			"item": "smooth_stone_slab"
		},
		"title": "Moar Slabs",
		"description": "Craft every type of slab",
		"frame": "challenge"
	},
	"parent": "platy:building/all_stairs",
	"rewards": {
		"experience": 110
	},
	"criteria": {
		"oak": {
			"trigger": "inventory_changed",
			"conditions": {
				"items": [{
					"item": "oak_slab"
				}]
			}
		},
		"spruce": {
			"trigger": "inventory_changed",
			"conditions": {
				"items": [{
					"item": "spruce_slab"
				}]
			}
		},
		"birch": {
			"trigger": "inventory_changed",
			"conditions": {
				"items": [{
					"item": "birch_slab"
				}]
			}
		},
		"jungle": {
			"trigger": "inventory_changed",
			"conditions": {
				"items": [{
					"item": "jungle_slab"
				}]
			}
		},
		"acacia": {
			"trigger": "inventory_changed",
			"conditions": {
				"items": [{
					"item": "acacia_slab"
				}]
			}
		},
		"dark_oak": {
			"trigger": "inventory_changed",
			"conditions": {
				"items": [{
					"item": "dark_oak_slab"
				}]
			}
		},
		"stone": {
			"trigger": "inventory_changed",
			"conditions": {
				"items": [{
					"item": "stone_slab"
				}]
			}
		},
		"smooth_stone": {
			"trigger": "inventory_changed",
			"conditions": {
				"items": [{
					"item": "smooth_stone_slab"
				}]
			}
		},
		"sandstone": {
			"trigger": "inventory_changed",
			"conditions": {
				"items": [{
					"item": "sandstone_slab"
				}]
			}
		},
		"cut_sandstone": {
			"trigger": "inventory_changed",
			"conditions": {
				"items": [{
					"item": "cut_sandstone_slab"
				}]
			}
		},
		"cobblestone": {
			"trigger": "inventory_changed",
			"conditions": {
				"items": [{
					"item": "cobblestone_slab"
				}]
			}
		},
		"brick": {
			"trigger": "inventory_changed",
			"conditions": {
				"items": [{
					"item": "brick_slab"
				}]
			}
		},
		"stone_brick": {
			"trigger": "inventory_changed",
			"conditions": {
				"items": [{
					"item": "stone_brick_slab"
				}]
			}
		},
		"nether_brick": {
			"trigger": "inventory_changed",
			"conditions": {
				"items": [{
					"item": "nether_brick_slab"
				}]
			}
		},
		"quartz": {
			"trigger": "inventory_changed",
			"conditions": {
				"items": [{
					"item": "quartz_slab"
				}]
			}
		},
		"red_sandstone": {
			"trigger": "inventory_changed",
			"conditions": {
				"items": [{
					"item": "red_sandstone_slab"
				}]
			}
		},
		"cut_red_sandstone": {
			"trigger": "inventory_changed",
			"conditions": {
				"items": [{
					"item": "cut_red_sandstone_slab"
				}]
			}
		},
		"purpur": {
			"trigger": "inventory_changed",
			"conditions": {
				"items": [{
					"item": "purpur_slab"
				}]
			}
		},
		"prismarine": {
			"trigger": "inventory_changed",
			"conditions": {
				"items": [{
					"item": "prismarine_slab"
				}]
			}
		},
		"prismarine_bricks": {
			"trigger": "inventory_changed",
			"conditions": {
				"items": [{
					"item": "prismarine_brick_slab"
				}]
			}
		},
		"dark_prismarine": {
			"trigger": "inventory_changed",
			"conditions": {
				"items": [{
					"item": "dark_prismarine_slab"
				}]
			}
		},
		"polished_granite": {
			"trigger": "inventory_changed",
			"conditions": {
				"items": [{
					"item": "polished_granite_slab"
				}]
			}
		},
		"smooth_red_sandstone": {
			"trigger": "inventory_changed",
			"conditions": {
				"items": [{
					"item": "smooth_red_sandstone_slab"
				}]
			}
		},
		"mossy_stone_brick": {
			"trigger": "inventory_changed",
			"conditions": {
				"items": [{
					"item": "mossy_stone_brick_slab"
				}]
			}
		},
		"polished_diorite": {
			"trigger": "inventory_changed",
			"conditions": {
				"items": [{
					"item": "polished_diorite_slab"
				}]
			}
		},
		"mossy_cobblestone": {
			"trigger": "inventory_changed",
			"conditions": {
				"items": [{
					"item": "mossy_cobblestone_slab"
				}]
			}
		},
		"end_stone_brick": {
			"trigger": "inventory_changed",
			"conditions": {
				"items": [{
					"item": "end_stone_brick_slab"
				}]
			}
		},
		"smooth_sandstone": {
			"trigger": "inventory_changed",
			"conditions": {
				"items": [{
					"item": "smooth_sandstone_slab"
				}]
			}
		},
		"smooth_quartz": {
			"trigger": "inventory_changed",
			"conditions": {
				"items": [{
					"item": "smooth_quartz_slab"
				}]
			}
		},
		"granite": {
			"trigger": "inventory_changed",
			"conditions": {
				"items": [{
					"item": "granite_slab"
				}]
			}
		},
		"andesite": {
			"trigger": "inventory_changed",
			"conditions": {
				"items": [{
					"item": "andesite_slab"
				}]
			}
		},
		"red_nether_brick": {
			"trigger": "inventory_changed",
			"conditions": {
				"items": [{
					"item": "red_nether_brick_slab"
				}]
			}
		},
		"polished_andesite": {
			"trigger": "inventory_changed",
			"conditions": {
				"items": [{
					"item": "polished_andesite_slab"
				}]
			}
		},
		"diorite": {
			"trigger": "inventory_changed",
			"conditions": {
				"items": [{
					"item": "diorite_slab"
				}]
			}
		},
		"crimson": {
			"trigger": "inventory_changed",
			"conditions": {
				"items": [{
					"item": "crimson_slab"
				}]
			}
		},
		"warped": {
			"trigger": "inventory_changed",
			"conditions": {
				"items": [{
					"item": "warped_slab"
				}]
			}
		},
		"blackstone": {
			"trigger": "inventory_changed",
			"conditions": {
				"items": [{
					"item": "blackstone_slab"
				}]
			}
		},
		"polished_blackstone": {
			"trigger": "inventory_changed",
			"conditions": {
				"items": [{
					"item": "polished_blackstone_slab"
				}]
			}
		},
		"polished_blackstone_brick": {
			"trigger": "inventory_changed",
			"conditions": {
				"items": [{
					"item": "polished_blackstone_brick_slab"
				}]
			}
		}
	}
}