{
	"display": {
		"icon": {
			"item": "stone_brick_stairs"
		},
		"title": "Ah... My Old Enemy: Stairs",
		"description": "Craft every type of stair",
		"frame": "challenge"
	},
	"parent": "platy:building/all_walls",
	"rewards": {
		"experience": 100
	},
	"criteria": {
		"purpur": {
			"trigger": "inventory_changed",
			"conditions": {
				"items": [{
					"item": "purpur_stairs"
				}]
			}
		},
		"oak": {
			"trigger": "inventory_changed",
			"conditions": {
				"items": [{
					"item": "oak_stairs"
				}]
			}
		},
		"cobblestone": {
			"trigger": "inventory_changed",
			"conditions": {
				"items": [{
					"item": "cobblestone_stairs"
				}]
			}
		},
		"brick": {
			"trigger": "inventory_changed",
			"conditions": {
				"items": [{
					"item": "brick_stairs"
				}]
			}
		},
		"stone_brick": {
			"trigger": "inventory_changed",
			"conditions": {
				"items": [{
					"item": "stone_brick_stairs"
				}]
			}
		},
		"nether_brick": {
			"trigger": "inventory_changed",
			"conditions": {
				"items": [{
					"item": "nether_brick_stairs"
				}]
			}
		},
		"sandstone": {
			"trigger": "inventory_changed",
			"conditions": {
				"items": [{
					"item": "sandstone_stairs"
				}]
			}
		},
		"spruce": {
			"trigger": "inventory_changed",
			"conditions": {
				"items": [{
					"item": "spruce_stairs"
				}]
			}
		},
		"birch": {
			"trigger": "inventory_changed",
			"conditions": {
				"items": [{
					"item": "birch_stairs"
				}]
			}
		},
		"jungle": {
			"trigger": "inventory_changed",
			"conditions": {
				"items": [{
					"item": "jungle_stairs"
				}]
			}
		},
		"quartz": {
			"trigger": "inventory_changed",
			"conditions": {
				"items": [{
					"item": "quartz_stairs"
				}]
			}
		},
		"acacia": {
			"trigger": "inventory_changed",
			"conditions": {
				"items": [{
					"item": "acacia_stairs"
				}]
			}
		},
		"dark_oak": {
			"trigger": "inventory_changed",
			"conditions": {
				"items": [{
					"item": "dark_oak_stairs"
				}]
			}
		},
		"prismarine": {
			"trigger": "inventory_changed",
			"conditions": {
				"items": [{
					"item": "prismarine_stairs"
				}]
			}
		},
		"prismarine_bricks": {
			"trigger": "inventory_changed",
			"conditions": {
				"items": [{
					"item": "prismarine_brick_stairs"
				}]
			}
		},
		"dark_prismarine": {
			"trigger": "inventory_changed",
			"conditions": {
				"items": [{
					"item": "dark_prismarine_stairs"
				}]
			}
		},
		"red_sandstone": {
			"trigger": "inventory_changed",
			"conditions": {
				"items": [{
					"item": "red_sandstone_stairs"
				}]
			}
		},
		"polished_granite": {
			"trigger": "inventory_changed",
			"conditions": {
				"items": [{
					"item": "polished_granite_stairs"
				}]
			}
		},
		"smooth_red_sandstone": {
			"trigger": "inventory_changed",
			"conditions": {
				"items": [{
					"item": "smooth_red_sandstone_stairs"
				}]
			}
		},
		"mossy_stone_brick": {
			"trigger": "inventory_changed",
			"conditions": {
				"items": [{
					"item": "mossy_stone_brick_stairs"
				}]
			}
		},
		"polished_diorite": {
			"trigger": "inventory_changed",
			"conditions": {
				"items": [{
					"item": "polished_diorite_stairs"
				}]
			}
		},
		"mossy_cobblestone": {
			"trigger": "inventory_changed",
			"conditions": {
				"items": [{
					"item": "mossy_cobblestone_stairs"
				}]
			}
		},
		"end_stone_brick": {
			"trigger": "inventory_changed",
			"conditions": {
				"items": [{
					"item": "end_stone_brick_stairs"
				}]
			}
		},
		"stone": {
			"trigger": "inventory_changed",
			"conditions": {
				"items": [{
					"item": "stone_stairs"
				}]
			}
		},
		"smooth_sandstone": {
			"trigger": "inventory_changed",
			"conditions": {
				"items": [{
					"item": "smooth_sandstone_stairs"
				}]
			}
		},
		"smooth_quartz": {
			"trigger": "inventory_changed",
			"conditions": {
				"items": [{
					"item": "smooth_quartz_stairs"
				}]
			}
		},
		"granite": {
			"trigger": "inventory_changed",
			"conditions": {
				"items": [{
					"item": "granite_stairs"
				}]
			}
		},
		"andesite": {
			"trigger": "inventory_changed",
			"conditions": {
				"items": [{
					"item": "andesite_stairs"
				}]
			}
		},
		"red_nether_brick": {
			"trigger": "inventory_changed",
			"conditions": {
				"items": [{
					"item": "red_nether_brick_stairs"
				}]
			}
		},
		"polished_andesite": {
			"trigger": "inventory_changed",
			"conditions": {
				"items": [{
					"item": "polished_andesite_stairs"
				}]
			}
		},
		"diorite": {
			"trigger": "inventory_changed",
			"conditions": {
				"items": [{
					"item": "diorite_stairs"
				}]
			}
		},
		"crimson": {
			"trigger": "inventory_changed",
			"conditions": {
				"items": [{
					"item": "crimson_stairs"
				}]
			}
		},
		"warped": {
			"trigger": "inventory_changed",
			"conditions": {
				"items": [{
					"item": "warped_stairs"
				}]
			}
		},
		"blackstone": {
			"trigger": "inventory_changed",
			"conditions": {
				"items": [{
					"item": "blackstone_stairs"
				}]
			}
		},
		"polished_blackstone": {
			"trigger": "inventory_changed",
			"conditions": {
				"items": [{
					"item": "polished_blackstone_stairs"
				}]
			}
		},
		"polished_blackstone_brick": {
			"trigger": "inventory_changed",
			"conditions": {
				"items": [{
					"item": "polished_blackstone_brick_stairs"
				}]
			}
		}
	}
}