{
	"display": {
		"icon": {
			"item": "andesite_wall"
		},
		"title": "Walled Off",
		"description": "Craft every type of wall",
		"frame": "goal"
	},
	"parent": "platy:building/stonecutter",
	"rewards": {
		"experience": 55
	},
	"criteria": {
		"cobblestone": {
			"trigger": "inventory_changed",
			"conditions": {
				"items": [{
					"item": "cobblestone_wall"
				}]
			}
		},
		"mossy_cobblestone": {
			"trigger": "inventory_changed",
			"conditions": {
				"items": [{
					"item": "mossy_cobblestone_wall"
				}]
			}
		},
		"brick": {
			"trigger": "inventory_changed",
			"conditions": {
				"items": [{
					"item": "brick_wall"
				}]
			}
		},
		"prismarine": {
			"trigger": "inventory_changed",
			"conditions": {
				"items": [{
					"item": "prismarine_wall"
				}]
			}
		},
		"red_sandstone": {
			"trigger": "inventory_changed",
			"conditions": {
				"items": [{
					"item": "red_sandstone_wall"
				}]
			}
		},
		"mossy_stone_brick": {
			"trigger": "inventory_changed",
			"conditions": {
				"items": [{
					"item": "mossy_stone_brick_wall"
				}]
			}
		},
		"granite": {
			"trigger": "inventory_changed",
			"conditions": {
				"items": [{
					"item": "granite_wall"
				}]
			}
		},
		"stone_brick": {
			"trigger": "inventory_changed",
			"conditions": {
				"items": [{
					"item": "stone_brick_wall"
				}]
			}
		},
		"nether_brick": {
			"trigger": "inventory_changed",
			"conditions": {
				"items": [{
					"item": "nether_brick_wall"
				}]
			}
		},
		"andesite": {
			"trigger": "inventory_changed",
			"conditions": {
				"items": [{
					"item": "andesite_wall"
				}]
			}
		},
		"red_nether_brick": {
			"trigger": "inventory_changed",
			"conditions": {
				"items": [{
					"item": "red_nether_brick_wall"
				}]
			}
		},
		"sandstone": {
			"trigger": "inventory_changed",
			"conditions": {
				"items": [{
					"item": "sandstone_wall"
				}]
			}
		},
		"end_stone_brick": {
			"trigger": "inventory_changed",
			"conditions": {
				"items": [{
					"item": "end_stone_brick_wall"
				}]
			}
		},
		"diorite": {
			"trigger": "inventory_changed",
			"conditions": {
				"items": [{
					"item": "diorite_wall"
				}]
			}
		},
		"blackstone": {
			"trigger": "inventory_changed",
			"conditions": {
				"items": [{
					"item": "blackstone_wall"
				}]
			}
		},
		"polished_blackstone": {
			"trigger": "inventory_changed",
			"conditions": {
				"items": [{
					"item": "polished_blackstone_wall"
				}]
			}
		},
		"polished_blackstone_brick": {
			"trigger": "inventory_changed",
			"conditions": {
				"items": [{
					"item": "polished_blackstone_brick_wall"
				}]
			}
		}
	}
}