{
  "pools": [
    {
      "rolls": 1,
      "entries": [
        {
          "type": "item",
          "name": "minecraft:map",
          "functions": [
              {
                  "function": "minecraft:exploration_map",
                  "destination": "buried_treasure",
                  "decoration": "red_x",
                  "zoom": 1,
                  "skip_existing_chunks": false
              }
          ]
        }
      ]
    },
    {
      "rolls": 3,
      "entries": [
        {
          "type": "item",
          "name": "minecraft:compass",
          "weight": 1
        },
        {
          "type": "item",
          "name": "minecraft:map",
          "weight": 1
        },
        {
          "type": "item",
          "name": "minecraft:clock",
          "weight": 1
        },
        {
          "type": "item",
          "name": "minecraft:paper",
          "weight": 20,
          "functions": [
            {
              "function": "set_count",
              "count": {
                "min": 1,
                "max": 10
              }
            }
          ]
        },
        {
          "type": "item",
          "name": "minecraft:feather",
          "weight": 10,
          "functions": [
            {
              "function": "set_count",
              "count": {
                "min": 1,
                "max": 5
              }
            }
          ]
        },
        {
          "type": "item",
          "name": "minecraft:enchanted_book",
          "weight": 5,
          "functions": [
            {
              "function": "set_nbt",
              "tag": "{StoredCustomEnchantments:[{id:\"Agility\",lvl:1}],display:{Lore:[\"{\\\"text\\\":\\\"Agility I\\\",\\\"color\\\":\\\"gray\\\",\\\"italic\\\":false}\"]}}"
            }
          ]
        },
        {
          "type": "item",
          "name": "minecraft:enchanted_book",
          "weight": 3,
          "functions": [
            {
              "function": "set_nbt",
              "tag": "{StoredCustomEnchantments:[{id:\"Agility\",lvl:2}],display:{Lore:[\"{\\\"text\\\":\\\"Agility II\\\",\\\"color\\\":\\\"gray\\\",\\\"italic\\\":false}\"]}}"
            }
          ]
        },
        {
          "type": "item",
          "name": "minecraft:enchanted_book",
          "weight": 2,
          "functions": [
            {
              "function": "set_nbt",
              "tag": "{StoredCustomEnchantments:[{id:\"Agility\",lvl:3}],display:{Lore:[\"{\\\"text\\\":\\\"Agility III\\\",\\\"color\\\":\\\"gray\\\",\\\"italic\\\":false}\"]}}"
            }
          ]
        },
        {
          "type": "item",
          "name": "minecraft:book",
          "weight": 5,
          "functions": [
            {
              "function": "set_count",
              "count": {
                "min": 1,
                "max": 5
              }
            }
          ]
        }
      ]
    }
  ]
}