{
	"display": {
		"icon": {
			"item": "andesite"
		},
		"title": "Stoned",
		"description": "Gather all four types of stone"
	},
	"parent": "platy:caving/reach_diamond_level",
	"criteria": {
		"stone": {
			"trigger": "inventory_changed",
			"conditions": {
				"items": [{
					"item": "stone"
				}]
			}
		},
		"granite": {
			"trigger": "inventory_changed",
			"conditions": {
				"items": [{
					"item": "granite"
				}]
			}
		},
		"diorite": {
			"trigger": "inventory_changed",
			"conditions": {
				"items": [{
					"item": "diorite"
				}]
			}
		},
		"andesite": {
			"trigger": "inventory_changed",
			"conditions": {
				"items": [{
					"item": "andesite"
				}]
			}
		}
	}
}