{
	"display": {
		"icon": {
			"item": "emerald_ore"
		},
		"title": "Ores Galores",
		"description": "Gather each type of ore",
		"frame": "goal"
	},
	"parent": "platy:caving/all_stones",
	"rewards": {
		"experience": 50
	},
	"criteria": {
		"coal": {
			"trigger": "inventory_changed",
			"conditions": {
				"items": [{
					"item": "coal_ore"
				}]
			}
		},
		"iron": {
			"trigger": "inventory_changed",
			"conditions": {
				"items": [{
					"item": "iron_ore"
				}]
			}
		},
		"gold": {
			"trigger": "inventory_changed",
			"conditions": {
				"items": [{
					"item": "gold_ore"
				}]
			}
		},
		"redstone": {
			"trigger": "inventory_changed",
			"conditions": {
				"items": [{
					"item": "redstone_ore"
				}]
			}
		},
		"lapis": {
			"trigger": "inventory_changed",
			"conditions": {
				"items": [{
					"item": "lapis_ore"
				}]
			}
		},
		"diamond": {
			"trigger": "inventory_changed",
			"conditions": {
				"items": [{
					"item": "diamond_ore"
				}]
			}
		},
		"emerald": {
			"trigger": "inventory_changed",
			"conditions": {
				"items": [{
					"item": "emerald_ore"
				}]
			}
		},
		"quartz": {
			"trigger": "inventory_changed",
			"conditions": {
				"items": [{
					"item": "nether_quartz_ore"
				}]
			}
		},
		"nether_gold": {
			"trigger": "inventory_changed",
			"conditions": {
				"items": [{
					"item": "nether_gold_ore"
				}]
			}
		}
	}
}