{
	"display": {
		"icon": {
			"item": "oak_planks"
		},
		"title": "Stale Air",
		"description": "Enter an abandoned mineshaft"
	},
	"parent": "platy:caving/bat_beaten",
	"criteria": {
		"mineshaft": {
			"trigger": "location",
			"conditions": {
				"player": [{
					"condition": "minecraft:inverted",
					"term": {
						"condition": "minecraft:alternative",
						"terms": [{
								"condition": "minecraft:location_check",
								"predicate": {
									"biome": "minecraft:badlands"
								}
							},
							{
								"condition": "minecraft:location_check",
								"predicate": {
									"biome": "minecraft:badlands_plateau"
								}
							},
							{
								"condition": "minecraft:location_check",
								"predicate": {
									"biome": "minecraft:modified_badlands_plateau"
								}
							},
							{
								"condition": "minecraft:location_check",
								"predicate": {
									"biome": "minecraft:wooded_badlands_plateau"
								}
							},
							{
								"condition": "minecraft:location_check",
								"predicate": {
									"biome": "minecraft:modified_wooded_badlands_plateau"
								}
							},
							{
								"condition": "minecraft:location_check",
								"predicate": {
									"biome": "minecraft:eroded_badlands"
								}
							}
						]
					}
				}],
				"location": {
					"feature": "mineshaft"
				}
			}
		}
	}
}