{
	"display": {
		"icon": {
			"item": "gold_block"
		},
		"title": "Treasure Defenders",
		"description": "Be hurt by a piglin defending its treasure in a bastion"
	},
	"parent": "platy:nether_structures/gilded_blackstone",
	"criteria": {
		"piglin": {
			"trigger": "entity_hurt_player",
			"conditions": {
				"damage": {
					"source_entity": {
						"type": "piglin"
					}
				},
				"player": {
					"location": {
						"feature": "bastion_remnant"
					}
				}
			}
		}
	}
}