 {
	"display":{
		"icon": {
            "item": "minecraft:diamond_helmet"
        },
        "title": {
            "text": "Itz A Fancy Hat"
        },
        "description": ["",{"text":"Do You Like My Fancy Hat? DO YOU!!!"},{"text":"\n?","color":"dark_gray","italic":true}],
		"frame": "task"
	},
	"parent":"PixelCraft:SkyPixels21/Sword",
	"criteria":{
		"die1": {
               "trigger": "minecraft:impossible"
           }
       }
   },
	"rewards": {
		"function":"PixelCraft:You_Did_It"
	}
}
