 {
	"display":{
		"icon": {
            "item": "minecraft:diamond_leggings"
        },
        "title": {
            "text": "A Amazing Pants"
        },
        "description": ["",{"text":"My Amazing Pants Of Amazingness"},{"text":"\n?","color":"dark_gray","italic":true}],
		"frame": "task"
	},
	"parent":"PixelCraft:SkyPixels21/Shirt",
	"criteria":{
		"die1": {
               "trigger": "minecraft:impossible"
           }
       }
   },
	"rewards": {
		"function":"PixelCraft:You_Did_It"
	}
}
