{
  "minecraft:recipes/tools/wooden_axe": {
    "criteria": {
      "has_stick": "2018-01-15 00:42:05 +0100"
    },
    "done": true
  },
  "minecraft:recipes/redstone/lever": {
    "criteria": {
      "has_cobblestone": "2018-01-15 00:35:18 +0100"
    },
    "done": true
  },
  "pixelcraft:general/things_and_stuff": {
    "criteria": {
      "place_cobblestone": "2018-01-15 00:46:07 +0100",
      "place_coarse_dirt": "2018-01-15 00:30:58 +0100",
      "place_andesite": "2018-01-15 01:04:05 +0100",
      "place_oak_planks": "2018-01-15 00:45:54 +0100",
      "place_diorite": "2018-01-15 01:06:40 +0100",
      "place_dirt": "2018-01-15 00:27:57 +0100",
      "place_crafting_table": "2018-01-15 00:46:37 +0100",
      "place_standing_sign": "2018-01-15 00:42:39 +0100",
      "place_torch": "2018-01-15 00:50:50 +0100",
      "place_chest": "2018-01-15 00:57:25 +0100",
      "place_furnace": "2018-01-15 00:46:34 +0100",
      "place_flowing_water": "2018-01-15 01:12:45 +0100",
      "place_wall_sign": "2018-01-15 01:23:07 +0100",
      "place_gravel": "2018-01-15 00:35:28 +0100",
      "place_flowing_lava": "2018-01-15 01:15:46 +0100",
      "place_granite": "2018-01-15 01:08:12 +0100"
    },
    "done": false
  },
  "minecraft:recipes/building_blocks/magenta_concrete_powder": {
    "criteria": {
      "has_gravel": "2018-01-15 00:34:52 +0100"
    },
    "done": true
  },
  "minecraft:recipes/misc/cyan_dye": {
    "criteria": {
      "has_lapis": "2018-01-15 01:18:18 +0100"
    },
    "done": true
  },
  "minecraft:recipes/combat/iron_sword": {
    "criteria": {
      "has_iron_ingot": "2018-01-15 01:10:20 +0100"
    },
    "done": true
  },
  "minecraft:recipes/misc/magenta_dye_from_lapis_ink_bonemeal": {
    "criteria": {
      "has_black_dye": "2018-01-15 01:17:40 +0100"
    },
    "done": true
  },
  "minecraft:recipes/building_blocks/oak_wooden_slab": {
    "criteria": {
      "has_planks": "2018-01-15 00:29:23 +0100"
    },
    "done": true
  },
  "pixelcraft:maplesquid/thisisuneyeing": {
    "criteria": {
      "mine_coal": "2018-01-15 01:09:01 +0100"
    },
    "done": true
  },
  "minecraft:recipes/misc/light_blue_dye_from_lapis_bonemeal": {
    "criteria": {
      "has_lapis": "2018-01-15 01:18:18 +0100"
    },
    "done": true
  },
  "minecraft:recipes/building_blocks/lime_concrete_powder": {
    "criteria": {
      "has_gravel": "2018-01-15 00:34:52 +0100"
    },
    "done": true
  },
  "minecraft:recipes/tools/iron_pickaxe": {
    "criteria": {
      "has_iron_ingot": "2018-01-15 01:10:20 +0100"
    },
    "done": true
  },
  "minecraft:recipes/misc/magenta_dye_from_lapis_red_pink": {
    "criteria": {
      "has_lapis": "2018-01-15 01:18:18 +0100"
    },
    "done": true
  },
  "pixelcraft:root": {
    "criteria": {
      "instant": "2018-01-15 00:25:38 +0100"
    },
    "done": true
  },
  "minecraft:recipes/building_blocks/yellow_concrete_powder": {
    "criteria": {
      "has_gravel": "2018-01-15 00:34:52 +0100"
    },
    "done": true
  },
  "minecraft:recipes/decorations/crafting_table": {
    "criteria": {
      "has_planks": "2018-01-15 00:29:23 +0100"
    },
    "done": true
  },
  "minecraft:recipes/redstone/trapdoor": {
    "criteria": {
      "has_planks": "2018-01-15 00:29:23 +0100"
    },
    "done": true
  },
  "pixelcraft:skypixels21/bow": {
    "criteria": {
      "die1": "2018-01-15 00:29:51 +0100"
    },
    "done": true
  },
  "minecraft:recipes/decorations/ladder": {
    "criteria": {
      "has_stick": "2018-01-15 00:42:05 +0100"
    },
    "done": true
  },
  "minecraft:recipes/misc/iron_nugget": {
    "criteria": {
      "has_iron_ingot": "2018-01-15 01:10:20 +0100"
    },
    "done": true
  },
  "minecraft:recipes/decorations/chest": {
    "criteria": {
      "has_lots_of_items": "2018-01-15 00:29:52 +0100"
    },
    "done": true
  },
  "minecraft:recipes/building_blocks/brown_concrete_powder": {
    "criteria": {
      "has_gravel": "2018-01-15 00:34:52 +0100"
    },
    "done": true
  },
  "minecraft:recipes/building_blocks/iron_block": {
    "criteria": {
      "has_at_least_9_iron_ingot": "2018-01-15 01:11:25 +0100"
    },
    "done": true
  },
  "minecraft:recipes/tools/wooden_shovel": {
    "criteria": {
      "has_stick": "2018-01-15 00:42:05 +0100"
    },
    "done": true
  },
  "minecraft:recipes/decorations/torch": {
    "criteria": {
      "has_stone_pickaxe": "2018-01-15 00:42:05 +0100"
    },
    "done": true
  },
  "minecraft:recipes/redstone/wooden_pressure_plate": {
    "criteria": {
      "has_planks": "2018-01-15 00:29:23 +0100"
    },
    "done": true
  },
  "minecraft:recipes/tools/shears": {
    "criteria": {
      "has_iron_ingot": "2018-01-15 01:10:20 +0100"
    },
    "done": true
  },
  "minecraft:recipes/misc/stick": {
    "criteria": {
      "has_planks": "2018-01-15 00:29:23 +0100"
    },
    "done": true
  },
  "minecraft:recipes/combat/arrow": {
    "criteria": {
      "has_flint": "2018-01-15 00:34:55 +0100"
    },
    "done": true
  },
  "minecraft:recipes/building_blocks/coal_block": {
    "criteria": {
      "has_at_least_9_coal": "2018-01-15 00:47:32 +0100"
    },
    "done": true
  },
  "minecraft:recipes/decorations/sign": {
    "criteria": {
      "has_planks": "2018-01-15 00:29:23 +0100"
    },
    "done": true
  },
  "minecraft:recipes/transportation/spruce_boat": {
    "criteria": {
      "entered_water": "2018-01-15 00:25:38 +0100"
    },
    "done": true
  },
  "minecraft:story/deflect_arrow": {
    "criteria": {
      "deflected_projectile": "2018-01-15 01:25:54 +0100"
    },
    "done": true
  },
  "pixelcraft:midna_87/root": {
    "criteria": {
      "empty": "2018-01-15 00:25:38 +0100"
    },
    "done": true
  },
  "pixelcraft:electicity/root": {
    "criteria": {
      "empty": "2018-01-15 00:25:38 +0100"
    },
    "done": true
  },
  "pixelcraft:skypixels21/shield": {
    "criteria": {
      "die1": "2018-01-15 01:20:42 +0100"
    },
    "done": true
  },
  "minecraft:recipes/tools/flint_and_steel": {
    "criteria": {
      "has_flint": "2018-01-15 00:34:55 +0100"
    },
    "done": true
  },
  "minecraft:recipes/redstone/wooden_button": {
    "criteria": {
      "has_planks": "2018-01-15 00:29:23 +0100"
    },
    "done": true
  },
  "minecraft:recipes/tools/stone_shovel": {
    "criteria": {
      "has_cobblestone": "2018-01-15 00:35:18 +0100"
    },
    "done": true
  },
  "minecraft:recipes/combat/wooden_sword": {
    "criteria": {
      "has_stick": "2018-01-15 00:42:05 +0100"
    },
    "done": true
  },
  "minecraft:recipes/building_blocks/oak_planks": {
    "criteria": {
      "has_log": "2018-01-15 00:27:47 +0100"
    },
    "done": true
  },
  "minecraft:recipes/redstone/dispenser": {
    "criteria": {
      "has_bow": "2018-01-15 00:29:52 +0100"
    },
    "done": true
  },
  "minecraft:recipes/building_blocks/blue_concrete_powder": {
    "criteria": {
      "has_gravel": "2018-01-15 00:34:52 +0100"
    },
    "done": true
  },
  "minecraft:recipes/building_blocks/gray_concrete_powder": {
    "criteria": {
      "has_gravel": "2018-01-15 00:34:52 +0100"
    },
    "done": true
  },
  "minecraft:recipes/food/cake": {
    "criteria": {
      "has_egg": "2018-01-15 00:44:31 +0100"
    },
    "done": true
  },
  "minecraft:recipes/combat/iron_leggings": {
    "criteria": {
      "has_iron_ingot": "2018-01-15 01:10:20 +0100"
    },
    "done": true
  },
  "pixelcraft:grassfang99/root": {
    "criteria": {
      "empty": "2018-01-15 00:25:38 +0100"
    },
    "done": true
  },
  "minecraft:recipes/decorations/fence": {
    "criteria": {
      "has_planks": "2018-01-15 00:29:23 +0100"
    },
    "done": true
  },
  "minecraft:husbandry/balanced_diet": {
    "criteria": {
      "cooked_beef": "2018-01-15 00:33:39 +0100"
    },
    "done": false
  },
  "minecraft:recipes/tools/iron_axe": {
    "criteria": {
      "has_iron_ingot": "2018-01-15 01:10:20 +0100"
    },
    "done": true
  },
  "minecraft:recipes/tools/wooden_hoe": {
    "criteria": {
      "has_stick": "2018-01-15 00:42:05 +0100"
    },
    "done": true
  },
  "minecraft:recipes/building_blocks/andesite": {
    "criteria": {
      "has_stone": "2018-01-15 01:06:37 +0100"
    },
    "done": true
  },
  "minecraft:recipes/combat/shield": {
    "criteria": {
      "has_iron_ingot": "2018-01-15 01:10:20 +0100"
    },
    "done": true
  },
  "minecraft:recipes/building_blocks/cobblestone_slab": {
    "criteria": {
      "has_cobblestone": "2018-01-15 00:35:18 +0100"
    },
    "done": true
  },
  "minecraft:recipes/misc/bucket": {
    "criteria": {
      "has_iron_ingot": "2018-01-15 01:10:20 +0100"
    },
    "done": true
  },
  "minecraft:recipes/combat/iron_boots": {
    "criteria": {
      "has_iron_ingot": "2018-01-15 01:10:20 +0100"
    },
    "done": true
  },
  "minecraft:recipes/misc/iron_ingot_from_block": {
    "criteria": {
      "has_the_recipe": "2018-01-15 01:11:25 +0100"
    },
    "done": true
  },
  "minecraft:recipes/redstone/hopper": {
    "criteria": {
      "has_iron_ingot": "2018-01-15 01:10:20 +0100"
    },
    "done": true
  },
  "minecraft:recipes/misc/bone_meal_from_bone": {
    "criteria": {
      "has_bone": "2018-01-15 01:26:01 +0100"
    },
    "done": true
  },
  "minecraft:recipes/building_blocks/black_concrete_powder": {
    "criteria": {
      "has_gravel": "2018-01-15 00:34:52 +0100"
    },
    "done": true
  },
  "pixelcraft:general/a_true_pixel": {
    "criteria": {
      "start_midna_87": "2018-01-15 00:25:38 +0100",
      "start_maplesquid": "2018-01-15 00:25:38 +0100",
      "start_herobrain_gamer": "2018-01-15 00:25:38 +0100",
      "finish_maplesquid6": "2018-01-15 01:09:01 +0100",
      "finish_maplesquid1": "2018-01-15 00:29:20 +0100",
      "start_pixelcraft": "2018-01-15 00:25:38 +0100",
      "start_general": "2018-01-15 00:25:38 +0100",
      "finish_skypixels217": "2018-01-15 01:20:42 +0100",
      "finish_skypixels218": "2018-01-15 00:29:51 +0100",
      "start_best_inthe_lobby": "2018-01-15 00:25:38 +0100",
      "start_electicty": "2018-01-15 00:25:38 +0100",
      "start_iruka77": "2018-01-15 00:25:38 +0100",
      "start_skypixels21": "2018-01-15 00:25:38 +0100",
      "finish_electicity2": "2018-01-15 01:25:58 +0100",
      "finish_electicity1": "2018-01-15 00:25:38 +0100",
      "start_grassfang99": "2018-01-15 00:25:38 +0100",
      "finish_midna_871": "2018-01-15 00:36:28 +0100"
    },
    "done": false
  },
  "minecraft:story/iron_tools": {
    "criteria": {
      "iron_pickaxe": "2018-01-15 01:10:39 +0100"
    },
    "done": true
  },
  "minecraft:recipes/building_blocks/coarse_dirt": {
    "criteria": {
      "has_gravel": "2018-01-15 00:34:52 +0100"
    },
    "done": true
  },
  "minecraft:recipes/redstone/fence_gate": {
    "criteria": {
      "has_planks": "2018-01-15 00:29:23 +0100"
    },
    "done": true
  },
  "minecraft:story/root": {
    "criteria": {
      "crafting_table": "2018-01-15 00:36:59 +0100"
    },
    "done": true
  },
  "minecraft:recipes/combat/iron_chestplate": {
    "criteria": {
      "has_iron_ingot": "2018-01-15 01:10:20 +0100"
    },
    "done": true
  },
  "minecraft:recipes/building_blocks/light_gray_concrete_powder": {
    "criteria": {
      "has_gravel": "2018-01-15 00:34:52 +0100"
    },
    "done": true
  },
  "minecraft:recipes/building_blocks/light_blue_concrete_powder": {
    "criteria": {
      "has_gravel": "2018-01-15 00:34:52 +0100"
    },
    "done": true
  },
  "minecraft:recipes/misc/coal": {
    "criteria": {
      "has_the_recipe": "2018-01-15 00:47:32 +0100"
    },
    "done": true
  },
  "pixelcraft:iruka77/root": {
    "criteria": {
      "empty": "2018-01-15 00:25:38 +0100"
    },
    "done": true
  },
  "minecraft:recipes/combat/iron_helmet": {
    "criteria": {
      "has_iron_ingot": "2018-01-15 01:10:20 +0100"
    },
    "done": true
  },
  "minecraft:recipes/building_blocks/pink_concrete_powder": {
    "criteria": {
      "has_gravel": "2018-01-15 00:34:52 +0100"
    },
    "done": true
  },
  "minecraft:recipes/building_blocks/red_concrete_powder": {
    "criteria": {
      "has_gravel": "2018-01-15 00:34:52 +0100"
    },
    "done": true
  },
  "pixelcraft:midna_87/firstdeath": {
    "criteria": {
      "die1": "2018-01-15 00:36:28 +0100"
    },
    "done": true
  },
  "minecraft:recipes/building_blocks/purple_concrete_powder": {
    "criteria": {
      "has_gravel": "2018-01-15 00:34:52 +0100"
    },
    "done": true
  },
  "minecraft:adventure/kill_a_mob": {
    "criteria": {
      "skeleton": "2018-01-15 00:43:36 +0100"
    },
    "done": true
  },
  "minecraft:recipes/decorations/iron_bars": {
    "criteria": {
      "has_iron_ingot": "2018-01-15 01:10:20 +0100"
    },
    "done": true
  },
  "pixelcraft:electicity/1hour": {
    "criteria": {
      "mine_quartz": "2018-01-15 01:25:58 +0100"
    },
    "done": true
  },
  "pixelcraft:best_inthe_lobby/root": {
    "criteria": {
      "empty": "2018-01-15 00:25:38 +0100"
    },
    "done": true
  },
  "pixelcraft:maplesquid/noticeboard": {
    "criteria": {
      "mine_coal": "2018-01-15 00:29:20 +0100"
    },
    "done": true
  },
  "minecraft:story/obtain_armor": {
    "criteria": {
      "iron_boots": "2018-01-15 01:12:35 +0100",
      "iron_helmet": "2018-01-15 01:12:35 +0100"
    },
    "done": true
  },
  "minecraft:story/mine_stone": {
    "criteria": {
      "get_stone": "2018-01-15 00:35:18 +0100"
    },
    "done": true
  },
  "pixelcraft:maplesquid/root": {
    "criteria": {
      "empty": "2018-01-15 00:25:38 +0100"
    },
    "done": true
  },
  "minecraft:recipes/building_blocks/polished_andesite": {
    "criteria": {
      "has_stone": "2018-01-15 00:50:25 +0100"
    },
    "done": true
  },
  "minecraft:recipes/decorations/furnace": {
    "criteria": {
      "has_cobblestone": "2018-01-15 00:35:18 +0100"
    },
    "done": true
  },
  "minecraft:recipes/transportation/minecart": {
    "criteria": {
      "has_iron_ingot": "2018-01-15 01:10:20 +0100"
    },
    "done": true
  },
  "minecraft:recipes/brewing/cauldron": {
    "criteria": {
      "has_water_bucket": "2018-01-15 01:11:58 +0100"
    },
    "done": true
  },
  "minecraft:recipes/misc/gray_dye": {
    "criteria": {
      "has_black_dye": "2018-01-15 01:17:40 +0100"
    },
    "done": true
  },
  "minecraft:adventure/adventuring_time": {
    "criteria": {
      "forest": "2018-01-15 00:25:38 +0100"
    },
    "done": false
  },
  "minecraft:recipes/redstone/iron_door": {
    "criteria": {
      "has_iron_ingot": "2018-01-15 01:10:20 +0100"
    },
    "done": true
  },
  "minecraft:adventure/sleep_in_bed": {
    "criteria": {
      "slept_in_bed": "2018-01-15 01:00:01 +0100"
    },
    "done": true
  },
  "minecraft:recipes/tools/wooden_pickaxe": {
    "criteria": {
      "has_stick": "2018-01-15 00:42:05 +0100"
    },
    "done": true
  },
  "minecraft:recipes/tools/iron_hoe": {
    "criteria": {
      "has_iron_ingot": "2018-01-15 01:10:20 +0100"
    },
    "done": true
  },
  "minecraft:story/lava_bucket": {
    "criteria": {
      "lava_bucket": "2018-01-15 01:15:44 +0100"
    },
    "done": true
  },
  "minecraft:husbandry/root": {
    "criteria": {
      "consumed_item": "2018-01-15 00:33:39 +0100"
    },
    "done": true
  },
  "pixelcraft:herobrain_gamer/root": {
    "criteria": {
      "empty": "2018-01-15 00:25:38 +0100"
    },
    "done": true
  },
  "minecraft:recipes/transportation/birch_boat": {
    "criteria": {
      "entered_water": "2018-01-15 00:25:38 +0100"
    },
    "done": true
  },
  "minecraft:recipes/combat/stone_sword": {
    "criteria": {
      "has_cobblestone": "2018-01-15 00:35:18 +0100"
    },
    "done": true
  },
  "minecraft:recipes/building_blocks/oak_stairs": {
    "criteria": {
      "has_planks": "2018-01-15 00:29:23 +0100"
    },
    "done": true
  },
  "minecraft:recipes/decorations/cobblestone_wall": {
    "criteria": {
      "has_cobblestone": "2018-01-15 00:35:18 +0100"
    },
    "done": true
  },
  "minecraft:recipes/building_blocks/green_concrete_powder": {
    "criteria": {
      "has_gravel": "2018-01-15 00:34:52 +0100"
    },
    "done": true
  },
  "minecraft:recipes/misc/light_gray_dye_from_ink_bonemeal": {
    "criteria": {
      "has_black_dye": "2018-01-15 01:17:40 +0100"
    },
    "done": true
  },
  "minecraft:recipes/transportation/acacia_boat": {
    "criteria": {
      "entered_water": "2018-01-15 00:25:38 +0100"
    },
    "done": true
  },
  "minecraft:recipes/tools/iron_shovel": {
    "criteria": {
      "has_iron_ingot": "2018-01-15 01:10:20 +0100"
    },
    "done": true
  },
  "minecraft:recipes/tools/stone_pickaxe": {
    "criteria": {
      "has_cobblestone": "2018-01-15 00:35:18 +0100"
    },
    "done": true
  },
  "minecraft:recipes/redstone/iron_trapdoor": {
    "criteria": {
      "has_iron_ingot": "2018-01-15 01:10:20 +0100"
    },
    "done": true
  },
  "minecraft:adventure/root": {
    "criteria": {
      "killed_by_something": "2018-01-15 00:36:28 +0100"
    },
    "done": true
  },
  "minecraft:recipes/transportation/boat": {
    "criteria": {
      "entered_water": "2018-01-15 00:25:38 +0100"
    },
    "done": true
  },
  "minecraft:recipes/misc/purple_dye": {
    "criteria": {
      "has_lapis": "2018-01-15 01:18:18 +0100"
    },
    "done": true
  },
  "minecraft:recipes/transportation/jungle_boat": {
    "criteria": {
      "entered_water": "2018-01-15 00:25:38 +0100"
    },
    "done": true
  },
  "pixelcraft:skypixels21/root": {
    "criteria": {
      "empty": "2018-01-15 00:25:38 +0100"
    },
    "done": true
  },
  "minecraft:recipes/misc/bowl": {
    "criteria": {
      "has_brown_mushroom": "2018-01-15 00:49:10 +0100"
    },
    "done": true
  },
  "minecraft:adventure/shoot_arrow": {
    "criteria": {
      "shot_arrow": "2018-01-15 00:35:45 +0100"
    },
    "done": true
  },
  "minecraft:recipes/building_blocks/white_concrete_powder": {
    "criteria": {
      "has_gravel": "2018-01-15 00:34:52 +0100"
    },
    "done": true
  },
  "minecraft:recipes/redstone/heavy_weighted_pressure_plate": {
    "criteria": {
      "has_iron_ingot": "2018-01-15 01:10:20 +0100"
    },
    "done": true
  },
  "minecraft:recipes/tools/stone_hoe": {
    "criteria": {
      "has_cobblestone": "2018-01-15 00:35:18 +0100"
    },
    "done": true
  },
  "minecraft:recipes/transportation/dark_oak_boat": {
    "criteria": {
      "entered_water": "2018-01-15 00:25:38 +0100"
    },
    "done": true
  },
  "minecraft:adventure/kill_all_mobs": {
    "criteria": {
      "skeleton": "2018-01-15 00:43:36 +0100",
      "zombie": "2018-01-15 01:08:20 +0100",
      "spider": "2018-01-15 01:26:44 +0100"
    },
    "done": false
  },
  "minecraft:recipes/building_blocks/lapis_block": {
    "criteria": {
      "has_at_least_9_lapis": "2018-01-15 01:18:20 +0100"
    },
    "done": true
  },
  "minecraft:recipes/building_blocks/polished_granite": {
    "criteria": {
      "has_stone": "2018-01-15 01:05:12 +0100"
    },
    "done": true
  },
  "pixelcraft:electicity/goodchoice": {
    "criteria": {
      "mine_quartz": "2018-01-15 00:25:38 +0100"
    },
    "done": true
  },
  "minecraft:recipes/building_blocks/stone_stairs": {
    "criteria": {
      "has_cobblestone": "2018-01-15 00:35:18 +0100"
    },
    "done": true
  },
  "minecraft:recipes/misc/lapis_lazuli": {
    "criteria": {
      "has_the_recipe": "2018-01-15 01:18:20 +0100"
    },
    "done": true
  },
  "minecraft:recipes/building_blocks/polished_diorite": {
    "criteria": {
      "has_stone": "2018-01-15 01:06:37 +0100"
    },
    "done": true
  },
  "minecraft:story/upgrade_tools": {
    "criteria": {
      "stone_pickaxe": "2018-01-15 00:42:05 +0100"
    },
    "done": true
  },
  "minecraft:story/smelt_iron": {
    "criteria": {
      "iron": "2018-01-15 01:10:20 +0100"
    },
    "done": true
  },
  "minecraft:recipes/tools/stone_axe": {
    "criteria": {
      "has_cobblestone": "2018-01-15 00:35:18 +0100"
    },
    "done": true
  },
  "minecraft:recipes/redstone/wooden_door": {
    "criteria": {
      "has_planks": "2018-01-15 00:29:23 +0100"
    },
    "done": true
  },
  "minecraft:recipes/building_blocks/orange_concrete_powder": {
    "criteria": {
      "has_gravel": "2018-01-15 00:34:52 +0100"
    },
    "done": true
  },
  "minecraft:recipes/building_blocks/cyan_concrete_powder": {
    "criteria": {
      "has_gravel": "2018-01-15 00:34:52 +0100"
    },
    "done": true
  }
}