{
	"display": {
		"icon": {
			"item": "orange_dye"
		},
		"title": "Essence of Color",
		"description": "Collect all 16 dye colors"
	},
	"parent": "platy:collection/root",
	"rewards": {
		"experience": 50
	},
	"criteria": {
		"black": {
			"trigger": "inventory_changed",
			"conditions": {
				"items": [
					{
						"item": "black_dye"
					}
				]
			}
		},
		"red": {
			"trigger": "inventory_changed",
			"conditions": {
				"items": [
					{
						"item": "red_dye"
					}
				]
			}
		},
		"green": {
			"trigger": "inventory_changed",
			"conditions": {
				"items": [
					{
						"item": "green_dye"
					}
				]
			}
		},
		"brown": {
			"trigger": "inventory_changed",
			"conditions": {
				"items": [
					{
						"item": "brown_dye"
					}
				]
			}
		},
		"blue": {
			"trigger": "inventory_changed",
			"conditions": {
				"items": [
					{
						"item": "blue_dye"
					}
				]
			}
		},
		"purple": {
			"trigger": "inventory_changed",
			"conditions": {
				"items": [
					{
						"item": "purple_dye"
					}
				]
			}
		},
		"cyan": {
			"trigger": "inventory_changed",
			"conditions": {
				"items": [
					{
						"item": "cyan_dye"
					}
				]
			}
		},
		"light_gray": {
			"trigger": "inventory_changed",
			"conditions": {
				"items": [
					{
						"item": "light_gray_dye"
					}
				]
			}
		},
		"gray": {
			"trigger": "inventory_changed",
			"conditions": {
				"items": [
					{
						"item": "gray_dye"
					}
				]
			}
		},
		"pink": {
			"trigger": "inventory_changed",
			"conditions": {
				"items": [
					{
						"item": "pink_dye"
					}
				]
			}
		},
		"lime": {
			"trigger": "inventory_changed",
			"conditions": {
				"items": [
					{
						"item": "lime_dye"
					}
				]
			}
		},
		"yellow": {
			"trigger": "inventory_changed",
			"conditions": {
				"items": [
					{
						"item": "yellow_dye"
					}
				]
			}
		},
		"light_blue": {
			"trigger": "inventory_changed",
			"conditions": {
				"items": [
					{
						"item": "light_blue_dye"
					}
				]
			}
		},
		"magenta": {
			"trigger": "inventory_changed",
			"conditions": {
				"items": [
					{
						"item": "magenta_dye"
					}
				]
			}
		},
		"orange": {
			"trigger": "inventory_changed",
			"conditions": {
				"items": [
					{
						"item": "orange_dye"
					}
				]
			}
		},
		"white": {
			"trigger": "inventory_changed",
			"conditions": {
				"items": [
					{
						"item": "white_dye"
					}
				]
			}
		}
	}
}