{
	"display": {
		"icon": {
			"item": "gray_banner"
		},
		"title": "Flagged Down",
		"description": "Collect all 16 banner colors"
	},
	"parent": "platy:collection/wool",
	"rewards": {
		"experience": 75
	},
	"criteria": {
		"white": {
			"trigger": "inventory_changed",
			"conditions": {
				"items": [
					{
						"item": "white_banner"
					}
				]
			}
		},
		"orange": {
			"trigger": "inventory_changed",
			"conditions": {
				"items": [
					{
						"item": "orange_banner"
					}
				]
			}
		},
		"magenta": {
			"trigger": "inventory_changed",
			"conditions": {
				"items": [
					{
						"item": "magenta_banner"
					}
				]
			}
		},
		"light_blue": {
			"trigger": "inventory_changed",
			"conditions": {
				"items": [
					{
						"item": "light_blue_banner"
					}
				]
			}
		},
		"yellow": {
			"trigger": "inventory_changed",
			"conditions": {
				"items": [
					{
						"item": "yellow_banner"
					}
				]
			}
		},
		"lime": {
			"trigger": "inventory_changed",
			"conditions": {
				"items": [
					{
						"item": "lime_banner"
					}
				]
			}
		},
		"pink": {
			"trigger": "inventory_changed",
			"conditions": {
				"items": [
					{
						"item": "pink_banner"
					}
				]
			}
		},
		"gray": {
			"trigger": "inventory_changed",
			"conditions": {
				"items": [
					{
						"item": "gray_banner"
					}
				]
			}
		},
		"light_gray": {
			"trigger": "inventory_changed",
			"conditions": {
				"items": [
					{
						"item": "light_gray_banner"
					}
				]
			}
		},
		"cyan": {
			"trigger": "inventory_changed",
			"conditions": {
				"items": [
					{
						"item": "cyan_banner"
					}
				]
			}
		},
		"purple": {
			"trigger": "inventory_changed",
			"conditions": {
				"items": [
					{
						"item": "purple_banner"
					}
				]
			}
		},
		"blue": {
			"trigger": "inventory_changed",
			"conditions": {
				"items": [
					{
						"item": "blue_banner"
					}
				]
			}
		},
		"brown": {
			"trigger": "inventory_changed",
			"conditions": {
				"items": [
					{
						"item": "brown_banner"
					}
				]
			}
		},
		"green": {
			"trigger": "inventory_changed",
			"conditions": {
				"items": [
					{
						"item": "green_banner"
					}
				]
			}
		},
		"red": {
			"trigger": "inventory_changed",
			"conditions": {
				"items": [
					{
						"item": "red_banner"
					}
				]
			}
		},
		"black": {
			"trigger": "inventory_changed",
			"conditions": {
				"items": [
					{
						"item": "black_banner"
					}
				]
			}
		}
	}
}