{
	"display": {
		"icon": {
			"item": "cyan_concrete_powder"
		},
		"title": "Powder Power",
		"description": "Collect all 16 concrete powder colors"
	},
	"parent": "platy:collection/all_dye",
	"rewards": {
		"experience": 75
	},
	"criteria": {
		"white": {
			"trigger": "inventory_changed",
			"conditions": {
				"items": [
					{
						"item": "white_concrete_powder"
					}
				]
			}
		},
		"orange": {
			"trigger": "inventory_changed",
			"conditions": {
				"items": [
					{
						"item": "orange_concrete_powder"
					}
				]
			}
		},
		"magenta": {
			"trigger": "inventory_changed",
			"conditions": {
				"items": [
					{
						"item": "magenta_concrete_powder"
					}
				]
			}
		},
		"light_blue": {
			"trigger": "inventory_changed",
			"conditions": {
				"items": [
					{
						"item": "light_blue_concrete_powder"
					}
				]
			}
		},
		"yellow": {
			"trigger": "inventory_changed",
			"conditions": {
				"items": [
					{
						"item": "yellow_concrete_powder"
					}
				]
			}
		},
		"lime": {
			"trigger": "inventory_changed",
			"conditions": {
				"items": [
					{
						"item": "lime_concrete_powder"
					}
				]
			}
		},
		"pink": {
			"trigger": "inventory_changed",
			"conditions": {
				"items": [
					{
						"item": "pink_concrete_powder"
					}
				]
			}
		},
		"gray": {
			"trigger": "inventory_changed",
			"conditions": {
				"items": [
					{
						"item": "gray_concrete_powder"
					}
				]
			}
		},
		"light_gray": {
			"trigger": "inventory_changed",
			"conditions": {
				"items": [
					{
						"item": "light_gray_concrete_powder"
					}
				]
			}
		},
		"cyan": {
			"trigger": "inventory_changed",
			"conditions": {
				"items": [
					{
						"item": "cyan_concrete_powder"
					}
				]
			}
		},
		"purple": {
			"trigger": "inventory_changed",
			"conditions": {
				"items": [
					{
						"item": "purple_concrete_powder"
					}
				]
			}
		},
		"blue": {
			"trigger": "inventory_changed",
			"conditions": {
				"items": [
					{
						"item": "blue_concrete_powder"
					}
				]
			}
		},
		"brown": {
			"trigger": "inventory_changed",
			"conditions": {
				"items": [
					{
						"item": "brown_concrete_powder"
					}
				]
			}
		},
		"green": {
			"trigger": "inventory_changed",
			"conditions": {
				"items": [
					{
						"item": "green_concrete_powder"
					}
				]
			}
		},
		"red": {
			"trigger": "inventory_changed",
			"conditions": {
				"items": [
					{
						"item": "red_concrete_powder"
					}
				]
			}
		},
		"black": {
			"trigger": "inventory_changed",
			"conditions": {
				"items": [
					{
						"item": "black_concrete_powder"
					}
				]
			}
		}
	}
}