{
	"display": {
		"icon": {
			"item": "bubble_coral"
		},
		"title": "Acorable",
		"description": "Collect all 10 coral types"
	},
	"parent": "platy:collection/coral_block",
	"rewards": {
		"experience": 40
	},
	"criteria": {
		"tube": {
			"trigger": "inventory_changed",
			"conditions": {
				"items": [
					{
						"item": "tube_coral"
					}
				]
			}
		},
		"brain": {
			"trigger": "inventory_changed",
			"conditions": {
				"items": [
					{
						"item": "brain_coral"
					}
				]
			}
		},
		"bubble": {
			"trigger": "inventory_changed",
			"conditions": {
				"items": [
					{
						"item": "bubble_coral"
					}
				]
			}
		},
		"fire": {
			"trigger": "inventory_changed",
			"conditions": {
				"items": [
					{
						"item": "fire_coral"
					}
				]
			}
		},
		"horn": {
			"trigger": "inventory_changed",
			"conditions": {
				"items": [
					{
						"item": "horn_coral"
					}
				]
			}
		},
		"dead_tube": {
			"trigger": "inventory_changed",
			"conditions": {
				"items": [
					{
						"item": "dead_tube_coral"
					}
				]
			}
		},
		"dead_brain": {
			"trigger": "inventory_changed",
			"conditions": {
				"items": [
					{
						"item": "dead_brain_coral"
					}
				]
			}
		},
		"dead_bubble": {
			"trigger": "inventory_changed",
			"conditions": {
				"items": [
					{
						"item": "dead_bubble_coral"
					}
				]
			}
		},
		"dead_fire": {
			"trigger": "inventory_changed",
			"conditions": {
				"items": [
					{
						"item": "dead_fire_coral"
					}
				]
			}
		},
		"dead_horn": {
			"trigger": "inventory_changed",
			"conditions": {
				"items": [
					{
						"item": "dead_horn_coral"
					}
				]
			}
		}
	}
}