{
    "display": {
        "icon": {
            "item": "minecraft:skull",
			"data": 3
        },
        "title": {
            "text":"Best_InThe_Lobby"
        },
        "description": {
            "text": "Best_InThe_Lobby's Challenges"
        },
        "show_toast": false,
        "announce_to_chat": false
    },
	"parent":"PixelCraft:root",
    "criteria": {
        "empty": {
            "trigger": "minecraft:location"
		}
	},
	"rewards": {
		"function":"PixelCraft:start_best_inthe_lobby"
	}
}