 {
	"display":{
		"icon": {
            "item": "minecraft:beef"
        },
        "title": {
            "text": "Beef Grind"
        },
        "description": ["",{"text":"This Is Seams Beefy"},{"text":"\ngrassfang99","color":"dark_gray","italic":true}],
		"frame": "task"
	},
	"parent":"PixelCraft:grassfang99/StringGrind",
	"criteria":{
		"die1": {
               "trigger": "minecraft:impossible"
           }
       }
   },
	"rewards": {
		"function":"PixelCraft:You_Did_It"
	}
}
