 {
	"display":{
		"icon": {
            "item": "minecraft:rotten_flesh"
        },
        "title": {
            "text": "Flesh Grind"
        },
        "description": ["",{"text":"Get Your Self Some New Flesh"},{"text":"\ngrassfang99","color":"dark_gray","italic":true}],
		"frame": "task"
	},
	"parent":"PixelCraft:grassfang99/root",
	"criteria":{
		"die1": {
               "trigger": "minecraft:impossible"
           }
       }
   },
	"rewards": {
		"function":"PixelCraft:You_Did_It"
	}
}
